int b0F_table1(FILE* fptr) {
    uint16_t orig_table[] = {
        0x4100, 0x413E, 0x4175, 0x41A7, 0x41DD, 0x41F9, 0x427C, 0x42A0, 0x4332, 0x4353, 0x4353, 0x43C7, 0x4434, 0x445F, 0x4486, 0x44B2, 
        0x4501, 0x4541, 0x4567, 0x4595, 0x45BA, 0x45FF, 0x4652, 0x4693, 0x47C8, 0x47E9, 0x480C, 0x482B, 0x4848, 0x486B, 0x488B, 0x48DC, 
        0x4928, 0x4982, 0x49C0, 0x49E2, 0x4A19, 0x4A70, 0x4AA2, 0x4ACB, 0x4B35, 0x4B7F, 0x4BC2, 0x4BDD, 0x4BFA, 0x4C0B, 0x4C59, 0x4CCF, 
        0x4E13, 0x4E90, 0x4EF3, 0x4F49, 0x5019, 0x50AB, 0x5113, 0x5160, 0x51A3, 0x5208, 0x5271, 0x52A0, 0x52D4, 0x52EB, 0x5301, 0x5313, 
        0x5320, 0x5334, 0x5354, 0x538F, 0x53AB, 0x53D0, 0x53F6, 0x5421, 0x543C, 0x544A, 0x5455, 0x5476, 0x5489, 0x54B6, 0x54C3, 0x54E2, 
        0x54EF, 0x550E, 0x551A, 0x5541, 0x5571, 0x557E, 0x55A0, 0x55BF, 0x5611, 0x5630, 0x5654, 0x5671, 0x5683, 0x569D, 0x56B5, 0x571C, 
        0x5730, 0x5740, 0x5796, 0x57D0, 0x57F4, 0x581F, 0x585B, 0x58A9, 0x58E3, 0x590A, 0x594E, 0x597F, 0x5991, 0x59C7, 0x59C7, 0x5A16, 
        0x5A58, 0x5AA8, 0x5ADA, 0x5B46, 0x5B71, 0x5BAB, 0x5BCF, 0x5C4A, 0x5CB0, 0x5CE6, 0x5D36, 0x5DC1, 0x5E01, 0x5E14, 0x5E33, 0x5E9D
    };
    uint16_t new_off_table[128] = {0};

    // 1 - copy value from prev // 2 - leads to 0x00
    // if different characters say the same phrase there may be potential improvent in form of different phrases
    uint16_t mask_table[128] = { 
        0, 0, 0, 0, 0, 0, 0, 0, 0, 0, 1, 0, 0, 0, 0, 0,
        0, 0, 0, 0, 0, 0, 0, 0, 0, 0, 0, 0, 0, 0, 0, 0,
        0, 0, 0, 0, 0, 0, 0, 0, 0, 0, 0, 0, 0, 0, 0, 0,
        0, 0, 0, 0, 0, 0, 0, 0, 0, 0, 0, 0, 0, 0, 0, 0,
        0, 0, 0, 0, 0, 0, 0, 0, 0, 0, 0, 0, 0, 0, 0, 0,
        0, 0, 0, 0, 0, 0, 0, 0, 0, 0, 0, 0, 0, 0, 0, 0,
        0, 0, 0, 0, 0, 0, 0, 0, 0, 0, 0, 0, 0, 0, 1, 0,
        0, 0, 0, 0, 0, 0, 0, 0, 0, 0, 0, 0, 0, 0, 0, 0
    };

    // !!! do not remove duplicates from table
    uint8_t *string_table[] = {
        //0x0003C100
        //7B 7D EF 7B 7D CF EF D5 D5 D5 D5 57 80 CB 7D D5 D5 D5 D5 D5 57 80 CB 7D D5 D5 D5 D5 D5 D5 D5 D5 D5 D5 F3 F4 62 77 CB 19 EF 10 35 36 13 EF 00 1E 03 0F 01 F0 26 0B 01 D5 D5 D5 D5 F3 F7 FF 
        //ワン ワン! ・・・・クゥ-ン・・・・・クゥ-ン・・・・・・・・・・{F3}{F4}テリ-は ちょっと あまえたい{F0}らしい・・・・{F3}{F7}
        //Woof, woof! Whimper} Whimper} It seems Terry wants to be patted a little}
        (uint8_t[]){0xb6, 0xae, 0xae, 0xa5, 0xd9, 0xef, 0xb6, 0xae, 0xae, 0xa5, 0xcf, 0xf0,
                    0xb6, 0xa7, 0xa8, 0xac, 0xaf, 0xa4, 0xb1, 0xe4, 0xef, 0xb6, 0xa7, 0xa8, 0xac, 0xaf, 0xa4, 0xb1, 0xe4, 0xf3, 0xf4,
                    0xa8, 0xb3, 0xef, 0xb2, 0xa4, 0xa4, 0xac, 0xb2, 0xef, 0xb3, 0xa4, 0xb1, 0xb1, 0xb8, 0xf0,
                    0xb6, 0xa0, 0xad, 0xb3, 0xb2, 0xef, 0xb3, 0xae, 0xef, 0xa1, 0xa4, 0xf3, 0xf4,
                    0xaf, 0xa0, 0xb3, 0xb3, 0xa4, 0xa3, 0xef, 0xa0, 0xef, 0xab, 0xa8, 0xb3, 0xb3, 0xab, 0xa4, 0xe4, 0xF3, 0xF7, 0xFF},
        //0x0003C13E
        //2B 0F 0B 0F 10 BA 0B 2D 09 2D EF 1B 02 1B CF CF F0 1B 0F 27 18 EF 50 61 50 61 14 F0 0B 2D 09 2D 0D 01 05 11 2C F0 1F 41 0C 1A 13 19 EF 04 0B 04 06 75 CF CF F3 F7 FF 
        //わたしたち、しんこん ふうふ!!{F0}ふたりの アツアツな{F0}しんこんせいかつを{F0}みだすひとは おしおきヨ!!{F3}{F7}
        //We're newlyweds! Anyone who disrupts our passionate newlywed life will be punished!
        (uint8_t[]){0xb6, 0xa4, 0xdc, 0xb1, 0xa4, 0xef, 0xad, 0xa4, 0xb6, 0xab, 0xb8, 0xb6, 0xa4, 0xa3, 0xb2, 0xcf, 0xf0,
                    0xa0, 0xad, 0xb8, 0xae, 0xad, 0xa4, 0xef, 0xb6, 0xa7, 0xae, 0xf3, 0xf4,
                    0xa3, 0xa8, 0xb2, 0xb1, 0xb4, 0xaf, 0xb3, 0xb2, 0xef, 0xae, 0xb4, 0xb1, 0xf0,
                    0xaf, 0xa0, 0xb2, 0xb2, 0xa8, 0xae, 0xad, 0xa0, 0xb3, 0xa4, 0xf3, 0xf4,
                    0xad, 0xa4, 0xb6, 0xab, 0xb8, 0xb6, 0xa4, 0xa3, 0xef, 0xab, 0xa8, 0xa5, 0xa4, 0xef, 0xb6, 0xa8, 0xab, 0xab,
                    0xa1, 0xa4, 0xef, 0xaf, 0xb4, 0xad, 0xa8, 0xb2, 0xa7, 0xa4, 0xa3, 0xcf, 0xF3, 0xF7, 0xFF},
        //0x0003C175
        //2B 29 26 BA 0B 2D 09 2D EF 1B 02 1B CF CF F0 1B 0F 27 18 EF 0B 00 2B 0D 2C F0 3D 33 1E 0C 28 EF 73 61 19 EF 4A 07 37 F0 24 28 0A 14 01 40 CF F3 F7 FF 
        //われら、しんこん ふうふ!!{F0}ふたりの しあわせを{F0}じゃまする ヤツは ぼくが{F0}ゆるさないぞ!{F3}{F7}
        //We're newlyweds! I won't forgive anyone who gets in the way of our happiness!
        (uint8_t[]){0xb6, 0xa4, 0xdc, 0xb1, 0xa4, 0xef, 0xad, 0xa4, 0xb6, 0xab, 0xb8, 0xb6, 0xa4, 0xa3, 0xb2, 0xcf, 0xef, 0xa8,
                    0xb6, 0xae, 0xad, 0xdc, 0xb3, 0xef, 0xa5, 0xae, 0xb1, 0xa6, 0xa8, 0xb5, 0xa4, 0xf3, 0xf4,
                    0xa0, 0xad, 0xb8, 0xae, 0xad, 0xa4, 0xef, 0xb6, 0xa7, 0xae, 0xef, 0xa6, 0xa4, 0xb3, 0xb2, 0xef, 0xa8, 0xad,
                    0xb3, 0xa7, 0xa4, 0xef, 0xb6, 0xa0, 0xb8, 0xef, 0xae, 0xa5, 0xef, 0xae, 0xb4, 0xb1, 0xf3, 0xf4,
                    0xa7, 0xa0, 0xaf, 0xaf, 0xa8, 0xad, 0xa4, 0xb2, 0xb2, 0xcf, 0xF3, 0xF7, 0xFF},
        //0x0003C1A7
        //00 0F 0B 18 EF 3B 0B 34 3D 2D 19 F0 01 11 22 EF 04 28 0C 14 18 F0 0F 1E 15 19 EF 00 0E 2D 44 EF 1D 0B 01 18 15 F0 10 35 36 4C 27 EF 0A 1F 0B 01 7B 7D CF F3 F7 FF 
        //あたしの ごしゅじんは{F0}いつも おるすなの{F0}たまには あそんで ほしいのに{F0}ちょっぴり さみしいワン!{F3}{F7}
        //My master is always away. I wish they'd play with me sometimes} I'm a little lonely, woof!
        (uint8_t[]){0xac, 0xb8, 0xef, 0xac, 0xa0, 0xb2, 0xb3, 0xa4, 0xb1, 0xef, 0xa8, 0xb2, 0xf0,
                    0xa0, 0xab, 0xb6, 0xa0, 0xb8, 0xb2, 0xef, 0xa0, 0xb6, 0xa0, 0xb8, 0xda, 0xef, 0xa8, 0xf3, 0xf4,
                    0xb6, 0xa8, 0xb2, 0xa7, 0xef, 0xb3, 0xa7, 0xa4, 0xb8, 0xdc, 0xa3, 0xef, 0xaf, 0xab, 0xa0, 0xb8, 0xf0,
                    0xb6, 0xa8, 0xb3, 0xa7, 0xef, 0xac, 0xa4, 0xf3, 0xf4,
                    0xb2, 0xae, 0xac, 0xa4, 0xb3, 0xa8, 0xac, 0xa4, 0xb2, 0xe4, 0xef, 0xa8, 0xdc, 0xac, 0xef, 0xa0, 0xf0,
                    0xab, 0xa8, 0xb3, 0xb3, 0xab, 0xa4, 0xef, 0xab, 0xae, 0xad, 0xa4, 0xab, 0xb8, 0xd9, 0xf3, 0xf4,
                    0xb6, 0xae, 0xae, 0xa5, 0xcf, 0xF3, 0xF7, 0xFF},
        //0x0003C1DD
        //00 00 CB CF CF F0 2B 0F 0B 18 EF 05 2B 01 01 F0 69 70 5C 5F CB 37 CB CF CF F3 F7 FF 
        //ああ-!!{F0}わたしの かわいい{F0}ハムスタ-が-!!{F3}{F7}
        //Ah! My precious hamster!
        (uint8_t[]){0xa0, 0xa7, 0xcf, 0xef, 0xac, 0xb8, 0xef, 0xaf, 0xb1, 0xa4, 0xa2, 0xa8, 0xae, 0xb4, 0xb2, 0xf0,
                    0xa7, 0xa0, 0xac, 0xb2, 0xb3, 0xa4, 0xb1, 0xcf, 0xF3, 0xF7, 0xFF},
        //--- Ramila/Banana Town ---
        //0x0003C1F9
        //0F 1E 15 19 EF 6C 97 15 22 F0 0A 2D 4F EF 0A 0D 14 07 10 33 D5 D5 D5 F3 F4 22 0B EF 06 1F 37 EF 62 86 9B 7D 0A 46 07 15 F0 01 09 02 13 EF 01 02 18 14 26 F0
        //1B 02 45 47 35 02 18 D0 0A 46 07 17 11 D1 15 19 F0 07 29 39 29 22 EF 06 2C 11 08 0F 1E 03 F3 F4 00 29 2C EF 14 04 0C 15 19 F0 09 18 00 0F 27 44 EF 13 29 28 F0
        //07 0C 27 18 3C 01 27 35 02 37 EF 1A 11 25 02 15 F0 14 28 05 26 17 CF F3 F7 FF 
        //たまには ヘビにも{F0}さんぽ させなくちゃ・・・{F3}{F4}もし きみが テッパンさばくに{F0}いこうと いうのなら{F0}ふうどびょうの『さばくねつ』には{F0}
        //くれぐれも きをつけたまえ{F3}{F4}あれを なおすには{F0}このあたりで とれる{F0}くすりのざいりょうが ひつように{F0}なるからね!{F3}{F7}
        //I need to take the snake for a walk sometimes too} If you're heading to the Iron Sand Desert, watch out for desert fever.
        (uint8_t[]){0xa8, 0xef, 0xad, 0xa4, 0xa4, 0xa3, 0xef, 0xb3, 0xae, 0xef, 0xb3, 0xa0, 0xaa, 0xa4, 0xef, 0xb3, 0xa7, 0xa4,
                    0xb2, 0xad, 0xa0, 0xaa, 0xa4, 0xef, 0xa5, 0xae, 0xb1, 0xef, 0xa0, 0xef, 0xb6, 0xa0, 0xab, 0xaa, 0xf3, 0xf4,
                    0xb2, 0xae, 0xac, 0xa4, 0xb3, 0xa8, 0xac, 0xa4, 0xb2, 0xef, 0xb3, 0xae, 0xae, 0xe4, 0xef, 0xa8, 0xa5, 0xf0,
                    0xb8, 0xae, 0xb4, 0xdc, 0xb1, 0xa4, 0xef, 0xa7, 0xa4, 0xa0, 0xa3, 0xa8, 0xad, 0xa6, 0xef, 0xb3, 0xae, 0xf3, 0xf4,
                    0xb3, 0xa7, 0xa4, 0xef, 0xa8, 0xb1, 0xae, 0xad, 0xef, 0xb2, 0xa0, 0xad, 0xa3, 0xf0,
                    0xa3, 0xa4, 0xb2, 0xa4, 0xb1, 0xb3, 0xd9, 0xef, 0xb6, 0xa0, 0xb3, 0xa2, 0xa7, 0xef, 0xae, 0xb4, 0xb3, 0xf3, 0xf4,
                    0xa5, 0xae, 0xb1, 0xef, 0xa3, 0xa4, 0xb2, 0xa4, 0xb1, 0xb3, 0xef, 0xa5, 0xa4, 0xb5, 0xa4, 0xb1, 0xda, 0xF3, 0xF7, 0xFF},
        //0x0003C27C
        //65 85 7A 65 85 7A 65 85 7A 65 85 7A 65 85 7A 65 85 7A 65 85 7A 65 85 7A 65 85 7A 65 85 7A 65 85 7A F3 F7 FF 
        //ニョロニョロニョロニョロニョロニョロニョロニョロニョロニョロニョロ{F3}{F7}
        //Slither} slither} slither} slither}
        (uint8_t[]){0xb2, 0xab, 0xa8, 0xb3, 0xa7, 0xa4, 0xb1, 0xe4, 0xef, 0xb2, 0xab, 0xa8, 0xb3, 0xa7, 0xa4, 0xb1, 0xe4, 0xf0,
                    0xb2, 0xab, 0xa8, 0xb3, 0xa7, 0xa4, 0xb1, 0xe4, 0xef, 0xb2, 0xab, 0xa8, 0xb3, 0xa7, 0xa4, 0xb1, 0xe4, 0xF3, 0xF7, 0xFF},
        //0x0003C2A0
        //09 18 1E 10 18 EF 3D 34 02 15 2D 19 F0 0A 46 07 18 EF 00 11 0A 15 EF 14 29 12 01 28 05 26 F0 0E 02 47 37 EF 14 07 12 22 F0 0A 46 07 15 EF 19 01 29 28 2D 41 25 F3 F4
        //13 02 3F 2D EF 0A 46 07 15 EF 19 01 28 0E 02 47 19 F0 09 09 15 19 EF 14 01 36 12 09 13 0A CF F3 F4 25 0E 18 1E 10 05 26 EF 09 09 1C EF 07 28 1A 13 19 F0
        //00 26 05 3D 21 EF 3D 34 2D 47 0B 12 F0 23 36 12 07 28 EF 1F 0F 01 41 08 45 F0 06 1F 19 EF 45 02 14 2D 41 01 CE F3 F7 FF 
        //このまちの じゅうにんは{F0}さばくの あつさに なれているから{F0}そうびが なくても{F0}さばくに はいれるんだよ{F3}{F4}とうぜん さばくに はいるそうびは{F0}
        //ここには ないってことさ!{F3}{F4}よそのまちから ここへ くるひとは{F0}あらかじめ じゅんびして{F0}やってくる みたいだけど{F0}きみは どうなんだい?{F3}{F7}
        //The locals here are used to the desert heat, so they can enter without any gear-which means desert equipment isn't sold in town! Visitors usually prepare in advance. What about you?
        (uint8_t[]){0xb3, 0xa7, 0xa4, 0xef, 0xab, 0xae, 0xa2, 0xa0, 0xab, 0xb2, 0xef, 0xa7, 0xa4, 0xb1, 0xa4, 0xf0,
                    0xa0, 0xb1, 0xa4, 0xef, 0xb4, 0xb2, 0xa4, 0xa3, 0xef, 0xb3, 0xae, 0xef, 0xb3, 0xa7, 0xa4, 0xf3, 0xf4,
                    0xa3, 0xa4, 0xb2, 0xa4, 0xb1, 0xb3, 0xef, 0xa7, 0xa4, 0xa0, 0xb3, 0xd9, 0xef, 0xb2, 0xae, 0xf0,
                    0xb3, 0xa7, 0xa4, 0xb8, 0xef, 0xa2, 0xa0, 0xad, 0xef, 0xa4, 0xad, 0xb3, 0xa4, 0xb1, 0xef, 0xa8, 0xb3, 0xf3, 0xf4,
                    0xb6, 0xa8, 0xb3, 0xa7, 0xae, 0xb4, 0xb3, 0xef, 0xa0, 0xad, 0xb8, 0xef, 0xa6, 0xa4, 0xa0, 0xb1, 0xcb, 0xf0,
                    0xb6, 0xa7, 0xa8, 0xa2, 0xa7, 0xef, 0xac, 0xa4, 0xa0, 0xad, 0xb2, 0xf3, 0xf4,
                    0xa3, 0xa4, 0xb2, 0xa4, 0xb1, 0xb3, 0xef, 0xa4, 0xb0, 0xb4, 0xa8, 0xaf, 0xac, 0xa4, 0xad, 0xb3, 0xf0,
                    0xa8, 0xb2, 0xad, 0xdc, 0xb3, 0xef, 0xb2, 0xae, 0xab, 0xa3, 0xef, 0xa8, 0xad, 0xf3, 0xf4,
                    0xb3, 0xae, 0xb6, 0xad, 0xcf, 0xef, 0xb5, 0xa8, 0xb2, 0xa8, 0xb3, 0xae, 0xb1, 0xb2, 0xf0,
                    0xb4, 0xb2, 0xb4, 0xa0, 0xab, 0xab, 0xb8, 0xef, 0xaf, 0xb1, 0xa4, 0xaf, 0xa0, 0xb1, 0xa4, 0xf3, 0xf4,
                    0xa8, 0xad, 0xef, 0xa0, 0xa3, 0xb5, 0xa0, 0xad, 0xa2, 0xa4, 0xda, 0xef, 0xb6, 0xa7, 0xa0, 0xb3, 0xf0,
                    0xa0, 0xa1, 0xae, 0xb4, 0xb3, 0xef, 0xb8, 0xae, 0xb4, 0xce, 0xF3, 0xF7, 0xFF},
        //0x0003C332
        //96 64 64 5F 52 7D 1C EF 25 02 09 0E CF F0 1E 10 19 EF 09 18 1F 10 2C EF 1F 38 EF 41 25 CF F3 F7 FF 
        //バナナタウンへ ようこそ!{F0}まちは このみちを みぎ だよ!{F3}{F7}
        //Welcome to Ramila! The town is to the right.
        (uint8_t[]){0xb6, 0xa4, 0xab, 0xa2, 0xae, 0xac, 0xa4, 0xef, 0xb3, 0xae, 0xef, 0xb1, 0xa0, 0xac, 0xa8, 0xab, 0xa0, 0xcf,
                    0xb3, 0xa7, 0xa4, 0xef, 0xb3, 0xae, 0xb6, 0xad, 0xef, 0xa8, 0xb2, 0xef, 0xb3, 0xae, 0xf3, 0xf4,
                    0xb3, 0xa7, 0xa4, 0xef, 0xb1, 0xa8, 0xa6, 0xa7, 0xb3, 0xda, 0xF3, 0xF7, 0xFF},
        //0x0003C353
        //0C 14 2C EF 05 01 12 04 05 14 01 13 F0 1F 10 37 EF 0C 14 44 EF 02 22 29 12 0B 1E 02 2D 41 F0 05 3F 37 11 25 01 1A 19 EF 1A 13 07 2A 02 0A CF F3 F4
        //0A 46 07 18 EF 0C 14 19 EF 1E 01 15 10 F0 05 3F 15 EF 13 46 0A 29 12 EF 0C 09 0B 3E 11 F0 02 3B 01 12 01 28 05 26 EF 4A 07 18 EF 0B 3B 13 19 F0
        //04 2B 27 37 14 01 36 12 EF 09 13 05 14 D5 D5 D5 F3 F7 FF 
        //すなを かいておかないと{F0}みちが すなで うもれてしまうんだ{F0}かぜがつよいひは ひとくろうさ!{F3}{F4}さばくの すなは まいにち{F0}かぜに とばされて すこしずつ{F0}
        //うごいているから ぼくの しごとは{F0}おわりがないって ことかな・・・{F3}{F7}
        //If I don't sweep the sand, the road gets buried. On windy days, it's a real pain! The desert sand shifts every day, so my job never really ends}
        (uint8_t[]){0xa8, 0xa5, 0xef, 0xa8, 0xef, 0xa3, 0xae, 0xad, 0xdc, 0xb3, 0xef, 0xb2, 0xb6, 0xa4, 0xa4, 0xaf, 0xf0,
                    0xb3, 0xa7, 0xa4, 0xef, 0xb2, 0xa0, 0xad, 0xa3, 0xd9, 0xef, 0xb3, 0xa7, 0xa4, 0xf3, 0xf4,
                    0xb1, 0xae, 0xa0, 0xa3, 0xef, 0xa6, 0xa4, 0xb3, 0xb2, 0xef, 0xa1, 0xb4, 0xb1, 0xa8, 0xa4, 0xa3, 0xda, 0xf0,
                    0xae, 0xad, 0xef, 0xb6, 0xa8, 0xad, 0xa3, 0xb8, 0xef, 0xa3, 0xa0, 0xb8, 0xb2, 0xd9, 0xf3, 0xf4,
                    0xa8, 0xb3, 0xdc, 0xb2, 0xef, 0xa0, 0xef, 0xb1, 0xa4, 0xa0, 0xab, 0xef, 0xaf, 0xa0, 0xa8, 0xad, 0xcf, 0xf0,
                    0xb3, 0xa7, 0xa4, 0xef, 0xa3, 0xa4, 0xb2, 0xa4, 0xb1, 0xb3, 0xef, 0xb2, 0xa0, 0xad, 0xa3, 0xf3, 0xf4,
                    0xb2, 0xa7, 0xa8, 0xa5, 0xb3, 0xb2, 0xef, 0xa4, 0xb5, 0xa4, 0xb1, 0xb8, 0xef, 0xa3, 0xa0, 0xb8, 0xd9, 0xf0,
                    0xb2, 0xae, 0xef, 0xac, 0xb8, 0xef, 0xa9, 0xae, 0xa1, 0xef, 0xad, 0xa4, 0xb5, 0xa4, 0xb1, 0xf3, 0xf4,
                    0xb1, 0xa4, 0xa0, 0xab, 0xab, 0xb8, 0xef, 0xa4, 0xad, 0xa3, 0xb2, 0xe4, 0xF3, 0xF7, 0xFF},
        (uint8_t[]){0x00, 0xF3, 0xF7, 0xFF},
        //0x0003C3C7
        //00 00 EF 01 0E 37 0B 01 CF F0 0D 36 05 07 EF 23 13 36 0F EF 12 2D 01 2D 19 F0 79 8D 0B 05 EF 23 36 12 07 29 14 01 05 26 F0 12 2D 0B 34 18 EF 2B 0F 0B 19 EF 23 36 4B 27 F0
        //01 0E 37 0B 01 1E 1E 41 25 CF CF F3 F4 09 2D 14 09 13 14 26 EF 01 13 09 18 EF 50 8D 8E 15 F0 0F 18 21 46 EF 25 05 36 0F 14 F0 63 6D 6D D5 D5 D5 D5 F3 F7 FF 
        //ああ いそがしい!{F0}せっかく やとった てんいんは{F0}レジしか やってくれないから{F0}てんしゅの わたしは やっぱり{F0}いそがしいままだよ!!{F3}{F4}
        //こんなことなら いとこの アジズに{F0}たのめば よかったな{F0}トホホ・・・・{F3}{F7}
        //Ahh, so busy! I hired a clerk, but they only work the register, so I'm still swamped!! Should've asked my cousin Ajiz} Oh, woe is me}
        (uint8_t[]){0xa0, 0xa7, 0xa7, 0xd9, 0xef, 0xb2, 0xae, 0xef, 0xa1, 0xb4, 0xb2, 0xb8, 0xcf, 0xef, 0xa8, 0xf0,
                    0xa7, 0xa8, 0xb1, 0xa4, 0xa3, 0xef, 0xa0, 0xef, 0xa2, 0xab, 0xa4, 0xb1, 0xaa, 0xd9, 0xf3, 0xf4,
                    0xa1, 0xb4, 0xb3, 0xef, 0xb3, 0xa7, 0xa4, 0xb8, 0xef, 0xae, 0xad, 0xab, 0xb8, 0xef, 0xb6, 0xae, 0xb1, 0xaa,
                    0xb3, 0xa7, 0xa4, 0xef, 0xb1, 0xa4, 0xa6, 0xa8, 0xb2, 0xb3, 0xa4, 0xb1, 0xd9, 0xef, 0xb2, 0xae, 0xf3, 0xf4,
                    0xa8, 0xdc, 0xac, 0xef, 0xb2, 0xb3, 0xa8, 0xab, 0xab, 0xef, 0xb2, 0xb6, 0xa0, 0xac, 0xaf, 0xa4, 0xa3, 0xcf,
                    0xb2, 0xa7, 0xae, 0xb4, 0xab, 0xa3, 0xdc, 0xb5, 0xa4, 0xef, 0xa0, 0xb2, 0xaa, 0xa4, 0xa3, 0xf3, 0xf4,
                    0xac, 0xb8, 0xef, 0xa2, 0xae, 0xb4, 0xb2, 0xa8, 0xad, 0xef, 0xa0, 0xa9, 0xa8, 0xb9, 0xe4, 0xf0,
                    0xae, 0xa7, 0xd9, 0xef, 0xb6, 0xae, 0xa4, 0xef, 0xa8, 0xb2, 0xef, 0xac, 0xa4, 0xe4, 0xF3, 0xF7, 0xFF},
        //0x0003C434
        //04 29 18 14 19 EF 69 86 5A 7D CF F0 96 64 64 5F 52 7D 19 EF 45 02 41 01 CE F0 00 11 01 08 45 EF 01 01 13 09 2A 41 25 CF F3 F7 FF 
        //おれのなは ハッサン!{F0}バナナタウンは どうだい?{F0}あついけど いいところだよ!{F3}{F7}
        //My name is Hassan! How do you like Ramila? It's hot, but it's a good place!
        (uint8_t[]){0xac, 0xb8, 0xef, 0xad, 0xa0, 0xac, 0xa4, 0xef, 0xa8, 0xb2, 0xef, 0xa7, 0xa0, 0xb2, 0xb2, 0xa0, 0xad, 0xcf,
                    0xa7, 0xae, 0xb6, 0xef, 0xa3, 0xae, 0xef, 0xb8, 0xae, 0xb4, 0xef, 0xab, 0xa8, 0xaa, 0xa4, 0xf3, 0xf4,
                    0xb1, 0xa0, 0xac, 0xa8, 0xab, 0xa0, 0xce, 0xef, 0xa8, 0xb3, 0xdc, 0xb2, 0xef, 0xa7, 0xae, 0xb3, 0xd9, 0xf0,
                    0xa1, 0xb4, 0xb3, 0xef, 0xa8, 0xb3, 0xdc, 0xb2, 0xef, 0xa0, 0xef, 0xa6, 0xae, 0xae, 0xa3, 0xf3, 0xf4,
                    0xaf, 0xab, 0xa0, 0xa2, 0xa4, 0xcf, 0xF3, 0xF7, 0xFF},
        //0x0003C45F
        //04 29 18 14 19 EF 50 6B 71 95 CF F0 05 01 22 18 19 EF 05 3E 0C 07 14 01 F0 04 29 18 EF 0F 18 0B 1F 41 CF CF F3 F7 FF 
        //おれのなは アフメド!{F0}かいものは かずすくない{F0}おれの たのしみだ!!{F3}{F7}
        //I'm Ahmed! Shopping is one of my few pleasures!
        (uint8_t[]){0xa8, 0xdc, 0xac, 0xef, 0xa0, 0xa7, 0xac, 0xa4, 0xa3, 0xcf, 0xf0,
                    0xb2, 0xa7, 0xae, 0xaf, 0xaf, 0xa8, 0xad, 0xa6, 0xef, 0xa8, 0xb2, 0xef, 0xae, 0xad, 0xa4, 0xf3, 0xf4,
                    0xae, 0xa5, 0xef, 0xac, 0xb8, 0xef, 0xa5, 0xa4, 0xb6, 0xf0,
                    0xaf, 0xab, 0xa4, 0xa0, 0xb2, 0xb4, 0xb1, 0xa4, 0xb2, 0xcf, 0xF3, 0xF7, 0xFF},
        //0x0003C486
        //04 29 18 14 19 EF 50 94 78 CF F0 13 22 41 10 13 EF 00 03 28 05 26 F0 5C CB 9B CB 15 19 EF 0B 35 36 10 34 02 F0 07 28 25 CF F3 F7 FF 
        //おれのなは アデル!{F0}ともだちと あえるから{F0}ス-パ-には しょっちゅう{F0}くるよ!{F3}{F7}
        //I'm Adel! I come to the supermarket all the time because it's where I meet my friends!
        (uint8_t[]){0xa8, 0xdc, 0xac, 0xef, 0xa0, 0xa3, 0xa4, 0xab, 0xcf, 0xef, 0xa8, 0xef, 0xa2, 0xae, 0xac, 0xa4, 0xf0,
                    0xb3, 0xae, 0xef, 0xb3, 0xa7, 0xa4, 0xf3, 0xf4,
                    0xb2, 0xb4, 0xaf, 0xa4, 0xb1, 0xac, 0xa0, 0xb1, 0xaa, 0xa4, 0xb3, 0xef, 0xa0, 0xab, 0xab, 0xf0,
                    0xb3, 0xa7, 0xa4, 0xef, 0xb3, 0xa8, 0xac, 0xa4, 0xef, 0xa1, 0xa4, 0xa2, 0xa0, 0xb4, 0xb2, 0xa4, 0xf3, 0xf4,
                    0xa8, 0xb3, 0xdc, 0xb2, 0xef, 0xb6, 0xa7, 0xa4, 0xb1, 0xa4, 0xef, 0xa8, 0xef, 0xac, 0xa4, 0xa4, 0xb3, 0xf0,
                    0xac, 0xb8, 0xef, 0xa5, 0xb1, 0xa8, 0xa4, 0xad, 0xa3, 0xb2, 0xcf, 0xF3, 0xF7, 0xFF},
        //0x0003C4B2
        //04 29 18 14 19 EF 50 8D 8E CF F0 09 18 1F 0D 22 EF 06 15 01 36 12 28 37 F0 13 14 27 18 EF 77 5A 51 57 78 5B 85 86 9D 22 F0
        //3F 1A EF 18 40 01 12 01 36 12 07 29 CF F0 00 0E 09 19 EF 01 13 09 18 F0 50 6B 7E 95 18 EF 1F 0D 41 CF CF F3 F7 FF
        //おれのなは アジズ!{F0}このみせも きにいってるが{F0}となりの リサイクルショップも{F0}ぜひ のぞいていってくれ!{F0}あそこは いとこの{F0}アファドの みせだ!!{F3}{F7}
        //I'm Ajiz! I like this shop too, but be sure to check out the recycle shop next door. It's my cousin Afad's place!
        (uint8_t[]){0xa8, 0xdc, 0xac, 0xef, 0xa0, 0xa9, 0xa8, 0xb9, 0xcf, 0xef, 0xa8, 0xef, 0xab, 0xa8, 0xaa, 0xa4, 0xf0,
                    0xb3, 0xa7, 0xa8, 0xb2, 0xef, 0xb2, 0xa7, 0xae, 0xaf, 0xef, 0xb3, 0xae, 0xae, 0xd9, 0xf3, 0xf4,
                    0xa1, 0xb4, 0xb3, 0xef, 0xa1, 0xa4, 0xef, 0xb2, 0xb4, 0xb1, 0xa4, 0xef, 0xb3, 0xae, 0xf0,
                    0xa2, 0xa7, 0xa4, 0xa2, 0xaa, 0xef, 0xae, 0xb4, 0xb3, 0xef, 0xb3, 0xa7, 0xa4, 0xf3, 0xf4,
                    0xb1, 0xa4, 0xa2, 0xb8, 0xa2, 0xab, 0xa4, 0xef, 0xb2, 0xa7, 0xae, 0xaf, 0xef, 0xad, 0xa4, 0xb7, 0xb3, 0xf0,
                    0xa3, 0xae, 0xae, 0xb1, 0xda, 0xef, 0xa8, 0xb3, 0xdc, 0xb2, 0xef, 0xac, 0xb8, 0xf3, 0xf4,
                    0xa2, 0xae, 0xb4, 0xb2, 0xa8, 0xad, 0xef, 0xa0, 0xa5, 0xa0, 0xa3, 0xdc, 0xb2, 0xf0,
                    0xaf, 0xab, 0xa0, 0xa2, 0xa4, 0xcf, 0xF3, 0xF7, 0xFF},
        //0x0003C501
        //01 03 18 EF 14 05 18 09 13 19 F0 00 1E 27 EF 13 07 01 3D 33 EF 14 01 08 45 F0 3B 0B 34 3D 2D 19 EF 1A 13 27 22 18 41 05 26 F0 0B 05 0F 14 07 EF 2B 0F 0B 37 F0 23 36 12 01 28 2D 41 25 F3 F7 FF 
        //いえの なかのことは{F0}あまり とくいじゃ ないけど{F0}ごしゅじんは ひとりものだから{F0}しかたなく わたしが{F0}やっているんだよ{F3}{F7}
        //I'm not great at housework, but since my master's a bachelor, I do it out of necessity.
        (uint8_t[]){0xa8, 0xdc, 0xac, 0xef, 0xad, 0xae, 0xb3, 0xef, 0xa6, 0xb1, 0xa4, 0xa0, 0xb3, 0xef, 0xa0, 0xb3, 0xf0,
                    0xa7, 0xae, 0xb4, 0xb2, 0xa4, 0xb6, 0xae, 0xb1, 0xaa, 0xd9, 0xef, 0xa1, 0xb4, 0xb3, 0xf3, 0xf4,
                    0xb2, 0xa8, 0xad, 0xa2, 0xa4, 0xef, 0xac, 0xb8, 0xef, 0xac, 0xa0, 0xb2, 0xb3, 0xa4, 0xb1, 0xdc, 0xb2, 0xf0,
                    0xa0, 0xef, 0xa1, 0xa0, 0xa2, 0xa7, 0xa4, 0xab, 0xae, 0xb1, 0xd9, 0xef, 0xa8, 0xef, 0xa3, 0xae, 0xf3, 0xf4,
                    0xa8, 0xb3, 0xef, 0xae, 0xb4, 0xb3, 0xef, 0xae, 0xa5, 0xf0,
                    0xad, 0xa4, 0xa2, 0xa4, 0xb2, 0xb2, 0xa8, 0xb3, 0xb8, 0xda, 0xF3, 0xF7, 0xFF},
        //0x0003C541
        //04 36 13 BA F0 C2 05 01 19 EF 10 26 05 36 12 01 28 05 26 F0 00 2D 1E 27 EF 1F 12 1D 0B 07 EF 14 01 14 2E F3 F7 FF 
        //おっと、{F0}2かいは ちらかっているから{F0}あんまり みてほしく ないなぁ{F3}{F7}
        //Oh, the 2nd floor is a mess, so I'd rather not have you see it.
        (uint8_t[]){0xae, 0xa7, 0xd9, 0xef, 0xb3, 0xa7, 0xa4, 0xef, 0xc2, 0xad, 0xa3, 0xef, 0xa5, 0xab, 0xae, 0xae, 0xb1, 0xf0,
                    0xa8, 0xb2, 0xef, 0xa0, 0xef, 0xac, 0xa4, 0xb2, 0xb2, 0xd9, 0xef, 0xb2, 0xae, 0xef, 0xa8, 0xdc, 0xa3, 0xf3, 0xf4,
                    0xb1, 0xa0, 0xb3, 0xa7, 0xa4, 0xb1, 0xef, 0xad, 0xae, 0xb3, 0xef, 0xa7, 0xa0, 0xb5, 0xa4, 0xf0,
                    0xb8, 0xae, 0xb4, 0xef, 0xb2, 0xa4, 0xa4, 0xef, 0xa8, 0xb3, 0xda, 0xF3, 0xF7, 0xFF},
        //0x0003C567
        //54 79 0F 10 19 F0 0A 46 07 18 EF 0C 14 15 22 EF 00 11 0A 15 22 F0 0F 03 26 29 28 25 02 15 EF 11 07 26 29 0F F0 7A 9A 86 63 41 25 F3 F7 FF 
        //オレたちは{F0}さばくの すなにも あつさにも{F0}たえられるように つくられた{F0}ロボットだよ{F3}{F7}
        //We're robots built to withstand desert sand and heat.
        (uint8_t[]){0xb6, 0xa4, 0xdc, 0xb1, 0xa4, 0xef, 0xb1, 0xae, 0xa1, 0xae, 0xb3, 0xb2, 0xef, 0xa1, 0xb4, 0xa8, 0xab, 0xb3,
                    0xb3, 0xae, 0xef, 0xb6, 0xa8, 0xb3, 0xa7, 0xb2, 0xb3, 0xa0, 0xad, 0xa3, 0xf3, 0xf4,
                    0xa3, 0xa4, 0xb2, 0xa4, 0xb1, 0xb3, 0xef, 0xb2, 0xa0, 0xad, 0xa3, 0xef, 0xa0, 0xad, 0xa3, 0xf0,
                    0xa7, 0xa4, 0xa0, 0xb3, 0xda, 0xF3, 0xF7, 0xFF},
        //0x0003C595
        //09 09 19 EF D0 0E 02 09 D1 14 2D 41 F0 11 05 2B 14 01 EF 7A 9A 86 63 2C F0 23 0C 1E 0D 28 EF 0F 21 0A F3 F7 FF 
        //ここは 『そうこ』なんだ{F0}つかわない ロボットを{F0}やすませる ためさ{F3}{F7}
        //This is the <warehouse> for idle robots.
        (uint8_t[]){0xb3, 0xa7, 0xa8, 0xb2, 0xef, 0xa8, 0xb2, 0xef, 0xb3, 0xa7, 0xa4, 0xf0,
                    0xd0, 0xb6, 0xa0, 0xb1, 0xa4, 0xa7, 0xae, 0xb4, 0xb2, 0xa4, 0xd1, 0xef, 0xa5, 0xae, 0xb1, 0xf3, 0xf4,
                    0xa8, 0xa3, 0xab, 0xa4, 0xef, 0xb1, 0xae, 0xa1, 0xae, 0xb3, 0xb2, 0xda, 0xF3, 0xF7, 0xFF},
        //0x0003C5BA
        //06 1F 18 EF 1E 10 15 22 F0 6A 63 37 0F 18 EF 7A 9A 86 63 37 01 28 41 2A 02 CE F0 06 01 0F 02 2B 0A 3D 33 F0 04 29 0F 10 15 EF 1E 08 14 01 EF 24 02 0B 34 02 14 F0
        //7A 9A 86 63 EF 46 05 27 41 36 12 17 F3 F7 FF 
        //きみの まちにも{F0}ヒトがたの ロボットがいるだろう?{F0}きいたうわさじゃ{F0}おれたちに まけない ゆうしゅうな{F0}ロボット ばかりだってね{F3}{F7}
        //Your town has humanoid robots too, right? I've heard they're excellent-rivaling even us.
        (uint8_t[]){0xb8, 0xae, 0xb4, 0xb1, 0xef, 0xb3, 0xae, 0xb6, 0xad, 0xef, 0xa7, 0xa0, 0xb2, 0xf0,
                    0xa7, 0xb4, 0xac, 0xa0, 0xad, 0xae, 0xa8, 0xa3, 0xef, 0xb1, 0xae, 0xa1, 0xae, 0xb3, 0xb2, 0xf3, 0xf4,
                    0xb3, 0xae, 0xae, 0xd9, 0xef, 0xb1, 0xa8, 0xa6, 0xa7, 0xb3, 0xce, 0xef, 0xa8, 0xdc, 0xb5, 0xa4, 0xf0,
                    0xa7, 0xa4, 0xa0, 0xb1, 0xa3, 0xef, 0xb3, 0xa7, 0xa4, 0xb8, 0xdc, 0xb1, 0xa4, 0xf3, 0xf4,
                    0xa4, 0xb7, 0xa2, 0xa4, 0xab, 0xab, 0xa4, 0xad, 0xb3, 0xcb, 0xb1, 0xa8, 0xb5, 0xa0, 0xab, 0xa8, 0xad, 0xa6, 0xf0,
                    0xa4, 0xb5, 0xa4, 0xad, 0xef, 0xb4, 0xb2, 0xda, 0xF3, 0xF7, 0xFF},
        //0x0003C5FF
        //09 09 26 18 EF 13 10 19 EF 0E 18 20 05 0B F0 50 98 95 80 76 D5 50 78 D5 62 86 9B 7D EF 13 01 02 F0 04 02 0A 1E 37 EF 04 0A 21 12 EF 01 0F 2D 41 25 F0
        //01 1E 44 19 EF 0A 46 07 18 EF 14 1E 03 15 F0 0E 18 EF 14 3B 27 37 00 28 EF 41 08 41 37 17 F3 F7 FF 
        //ここらの とちは そのむかし{F0}アブドゥラ・アル・テッパン という{F0}おうさまが おさめて いたんだよ{F0}いまでは さばくの なまえに{F0}その なごりがある だけだがね{F3}{F7}
        //This land was once ruled by lawh hadid al-malik Abdullah. Now, only the desert's name remains.
        (uint8_t[]){0xb3, 0xa7, 0xa8, 0xb2, 0xef, 0xab, 0xa0, 0xad, 0xa3, 0xef, 0xb6, 0xa0, 0xb2, 0xef, 0xae, 0xad, 0xa2, 0xa4,
                    0xb1, 0xb4, 0xab, 0xa4, 0xa3, 0xef, 0xa1, 0xb8, 0xef, 0xab, 0xa0, 0xb6, 0xa7, 0xf3, 0xf4,
                    0xa7, 0xa0, 0xa3, 0xa8, 0xa3, 0xef, 0xa0, 0xab, 0xcb, 0xac, 0xa0, 0xab, 0xa8, 0xaa, 0xf0,
                    0xa0, 0xa1, 0xa3, 0xb4, 0xab, 0xab, 0xa0, 0xa7, 0xda, 0xef, 0xad, 0xae, 0xb6, 0xd9, 0xf3, 0xf4,
                    0xae, 0xad, 0xab, 0xb8, 0xef, 0xb3, 0xa7, 0xa4, 0xef, 0xa3, 0xa4, 0xb2, 0xa4, 0xb1, 0xb3, 0xdc, 0xb2, 0xf0,
                    0xad, 0xa0, 0xac, 0xa4, 0xef, 0xb1, 0xa4, 0xac, 0xa0, 0xa8, 0xad, 0xb2, 0xda, 0xF3, 0xF7, 0xFF},
        //0x0003C652
        //41 29 05 EF 2B 0F 0B 18 F0 19 39 28 1E 18 EF 14 05 15 EF 19 01 36 0F F0 0C 14 11 48 2C EF 13 36 12 EF 04 07 29 25 F0 02 3B 07 0F 47 15 EF 19 0A 1E 36 12 F0 01 0F 01 2D 41 D5 D5 D5 D5 D5 F3 F7 FF 
        //だれか わたしの{F0}はぐるまの なかに はいった{F0}すなつぶを とって おくれよ{F0}うごくたびに はさまって{F0}いたいんだ・・・・・{F3}{F7}
        //Could someone please remove the sand from my gears? It hurts every time they get caught}
        (uint8_t[]){0xa2, 0xae, 0xb4, 0xab, 0xa3, 0xef, 0xb2, 0xae, 0xac, 0xa4, 0xae, 0xad, 0xa4, 0xf0,
                    0xaf, 0xab, 0xa4, 0xa0, 0xb2, 0xa4, 0xef, 0xb1, 0xa4, 0xac, 0xae, 0xb5, 0xa4, 0xef, 0xb3, 0xa7, 0xa4, 0xf3, 0xf4,
                    0xb2, 0xa0, 0xad, 0xa3, 0xef, 0xa5, 0xb1, 0xae, 0xac, 0xef, 0xac, 0xb8, 0xf0,
                    0xa6, 0xa4, 0xa0, 0xb1, 0xb2, 0xce, 0xef, 0xa8, 0xb3, 0xef, 0xa7, 0xb4, 0xb1, 0xb3, 0xb2, 0xf3, 0xf4,
                    0xa4, 0xb5, 0xa4, 0xb1, 0xb8, 0xef, 0xb3, 0xa8, 0xac, 0xa4, 0xef, 0xb3, 0xa7, 0xa4, 0xb8, 0xf0,
                    0xa6, 0xa4, 0xb3, 0xef, 0xa2, 0xa0, 0xb4, 0xa6, 0xa7, 0xb3, 0xe4, 0xF3, 0xF7, 0xFF},
        //0x0003C693
        //04 E3 18 EF 1A 35 02 46 2D 37 EF 00 37 28 18 19 F0 D0 01 26 01 2C EF 06 10 2D 13 EF 44 06 0F 13 06 D1 F0 D0 9E 86 63 2C EF 0F 01 05 01 44 EF 24 02 0B 35 02 F0
        //0A 0D 0F 13 06 D1 F0 D5 D5 D5 D5 09 18 EF C2 0B 34 28 01 44 F0 04 E3 18 EF 1A 35 02 46 2D 19 EF 00 37 28 25 F3 F4 38 33 07 15 EF 1A 35 02 46 2D 37 EF 0A 37 28 18 19 F0
        //D0 08 01 3D 46 2D 44 EF 44 2D 2B 2C EF 05 08 12 F0 01 26 01 2C EF 09 13 2B 36 0F 27 D1 F0 D0 04 E3 46 2D 44 EF 04 06 33 07 0A 2D 18 F0 01 26 01 2C EF 09 13 2B 36 0F 13 06 D1 F0
        //D0 01 26 01 2C EF 06 3A 2D 14 01 15 F0 44 06 14 05 36 0F 13 06 D1 0A 26 15 F0 9E 86 63 2C EF 2B 0F 0B 0F 13 06 D0 47 35 02 06 D1 F0 41 36 0F 13 06 D5 D5 D5 D5 F3 F4
        //09 18 EF C4 0B 34 28 01 18 EF 46 00 01 15 F0 1A 35 02 46 2D 19 EF 0A 37 36 12 0B 1E 02 2D 41 F3 F4 04 E3 18 EF 1A 35 02 46 2D 18 EF 25 0B 00 0B 44 F0
        //23 36 12 07 28 EF 04 06 33 07 0A 2D 18 EF 05 3E 37 F0 05 2B 28 05 26 EF 37 2D 46 36 12 3B 26 2D CF F3 F4 FF 
        //お店の ひょうばんが あがるのは{F0}『いらいを きちんと できたとき』{F0}『ペットを たいかいで ゆうしょう{F0}させたとき』{F0}・・・・この 2しゅるいで{F0}
        //お店の ひょうばんは あがるよ{F3}{F4}ぎゃくに ひょうばんが さがるのは{F0}『けいじばんで でんわを かけて{F0}いらいを ことわったり』{F0}『お店ばんで おきゃくさんの{F0}
        //いらいを ことわったとき』{F0}『いらいを きげんないに{F0}できなかったとき』さらに{F0}ペットを わたしたとき『びょうき』{F0}だったとき・・・・{F3}{F4}
        //この 4しゅるいの ばあいに{F0}ひょうばんは さがってしまうんだ{F3}{F4}お店の ひょうばんの よしあしで{F0}やってくる おきゃくさんの かずが{F0}かわるから がんばってごらん!{F3}{F4}
        //A shop's reputation increases when you complete a request or your pet wins a contest. It decreases if you decline a request, miss a deadline,
        //or return a sick pet. Reputation affects customer turnout, so do your best!
        (uint8_t[]){0xa0, 0xef, 0xb2, 0xa7, 0xae, 0xaf, 0xdc, 0xb2, 0xf0,
                    0xb1, 0xa4, 0xaf, 0xb4, 0xb3, 0xa0, 0xb3, 0xa8, 0xae, 0xad, 0xf3, 0xf4,
                    0xa8, 0xad, 0xa2, 0xb1, 0xa4, 0xa0, 0xb2, 0xa4, 0xb2, 0xef, 0xb6, 0xa7, 0xa4, 0xad, 0xef, 0xb8, 0xae, 0xb4,
                    0xa2, 0xae, 0xac, 0xaf, 0xab, 0xa4, 0xb3, 0xa4, 0xef, 0xa0, 0xf3, 0xf4,
                    0xb1, 0xa4, 0xb0, 0xb4, 0xa4, 0xb2, 0xb3, 0xef, 0xae, 0xb1, 0xef, 0xb8, 0xae, 0xb4, 0xb1, 0xf0,
                    0xaf, 0xa4, 0xb3, 0xef, 0xb6, 0xa8, 0xad, 0xb2, 0xef, 0xa0, 0xf3, 0xf4,
                    0xa2, 0xae, 0xad, 0xb3, 0xa4, 0xb2, 0xb3, 0xda, 0xef, 0xa8, 0xb3, 0xf0,
                    0xa3, 0xa4, 0xa2, 0xb1, 0xa4, 0xa0, 0xb2, 0xa4, 0xb2, 0xef, 0xa8, 0xa5, 0xef, 0xb8, 0xae, 0xb4, 0xf3, 0xf4,
                    0xa3, 0xa4, 0xa2, 0xab, 0xa8, 0xad, 0xa4, 0xef, 0xa0, 0xef, 0xb1, 0xa4, 0xb0, 0xb4, 0xa4, 0xb2, 0xb3, 0xd9,
                    0xac, 0xa8, 0xb2, 0xb2, 0xef, 0xa0, 0xef, 0xa3, 0xa4, 0xa0, 0xa3, 0xab, 0xa8, 0xad, 0xa4, 0xd9, 0xf3, 0xf4,
                    0xae, 0xb1, 0xef, 0xb1, 0xa4, 0xb3, 0xb4, 0xb1, 0xad, 0xef, 0xa0, 0xef, 0xb2, 0xa8, 0xa2, 0xaa, 0xf0,
                    0xaf, 0xa4, 0xb3, 0xda, 0xef, 0xb1, 0xa4, 0xaf, 0xb4, 0xb3, 0xa0, 0xb3, 0xa8, 0xae, 0xad, 0xf3, 0xf4,
                    0xa0, 0xa5, 0xa5, 0xa4, 0xa2, 0xb3, 0xb2, 0xef, 0xa2, 0xb4, 0xb2, 0xb3, 0xae, 0xac, 0xa4, 0xb1, 0xf0,
                    0xb3, 0xb4, 0xb1, 0xad, 0xae, 0xb4, 0xb3, 0xd9, 0xef, 0xb2, 0xae, 0xef, 0xa3, 0xae, 0xf3, 0xf4,
                    0xb8, 0xae, 0xb4, 0xb1, 0xef, 0xa1, 0xa4, 0xb2, 0xb3, 0xcf, 0xF3, 0xF4, 0xFF},
        //0x0003C7C8
        //1E 01 45 CF 02 10 19 EF 13 04 27 18 EF 1F 19 26 0B 37 01 01 05 26 D0 1F 19 26 0B 23 D1 41 25 CF FF 
        //まいど!うちは とおりの みはらしがいいから『みはらしや』だよ!
        //Welcome to the "Lookout stall"!
        (uint8_t[]){0xb6, 0xa4, 0xab, 0xa2, 0xae, 0xac, 0xa4, 0xef, 0xb3, 0xae, 0xef, 0xb3, 0xa7, 0xa4, 0xf0,
                    0xbc, 0xab, 0xae, 0xae, 0xaa, 0xae, 0xb4, 0xb3, 0xef, 0xb2, 0xb3, 0xa0, 0xab, 0xab, 0xbc, 0xcf, 0xFF},
        //0x0003C7E9
        //26 36 0B 33 01 CF D0 21 04 13 23 D1 44 01 CF CF F0 20 05 01 19 EF 55 6F 0A 2D 18 EF 1F 0D 44 01 CF CF FF 
        //らっしゃい!『めおとや』でい!!{F0}むかいは カミさんの みせでい!!
        //Welcome to the "Husband Stall"!
        (uint8_t[]){0xb6, 0xa4, 0xab, 0xa2, 0xae, 0xac, 0xa4, 0xef, 0xb3, 0xae, 0xef, 0xb3, 0xa7, 0xa4, 0xf0,
                    0xbc, 0xa7, 0xb4, 0xb2, 0xa1, 0xa0, 0xad, 0xa3, 0xef, 0xb2, 0xb3, 0xa0, 0xab, 0xab, 0xbc, 0xcf, 0xFF},
        //0x0003C80C
        //01 26 36 0B 33 01 CF D0 21 04 13 23 D1 25 CF F0 01 01 0B 14 EF 0E 2A 36 12 28 2B 25 CF CF FF 
        //いらっしゃい!『めおとや』よ!{F0}いいしな そろってるわよ!!
        //Welcome to the "Wife Stall"!
        (uint8_t[]){0xb6, 0xa4, 0xab, 0xa2, 0xae, 0xac, 0xa4, 0xef, 0xb3, 0xae, 0xef, 0xb3, 0xa7, 0xa4, 0xf0,
                    0xbc, 0xb6, 0xa8, 0xa5, 0xa4, 0xef, 0xb2, 0xb3, 0xa0, 0xab, 0xab, 0xbc, 0xcf, 0xFF},
        //0x0003C82B
        //04 01 44 1E 0D BA 22 18 0B 3E 05 14 F0 D0 0B 3D 1E 23 D1 44 3B 3C 01 1E 0C D5 D5 D5 FF 
        //おいでませ、ものしずかな{F0}『しじまや』でございます・・・
        //Welcome to the "Quiet stall"}
        (uint8_t[]){0xb6, 0xa4, 0xab, 0xa2, 0xae, 0xac, 0xa4, 0xef, 0xb3, 0xae, 0xef, 0xb3, 0xa7, 0xa4, 0xf0,
                    0xbc, 0xb0, 0xb4, 0xa8, 0xa4, 0xb3, 0xef, 0xb2, 0xb3, 0xa0, 0xab, 0xab, 0xbc, 0xe4, 0xFF},
        //0x0003C848
        //14 15 25 BA 5C CB 9B CB D0 5A 86 60 CB D1 25 F0 14 2D 05 EF 05 02 18 CE EF 0B 35 02 37 14 01 2B 17 31 FF 
        //なによ、ス-パ-『サッチ-』よ{F0}なんか かうの? しょうがないわねぇ
        //Welcome to the Super-"Sacchi"!
        (uint8_t[]){0xb6, 0xa4, 0xab, 0xa2, 0xae, 0xac, 0xa4, 0xef, 0xb3, 0xae, 0xef, 0xb3, 0xa7, 0xa4, 0xf0,
                    0xb2, 0xb4, 0xaf, 0xa4, 0xb1, 0xcb, 0xbc, 0xb2, 0xa0, 0xa2, 0xa2, 0xa7, 0xa8, 0xbc, 0xcf, 0xFF},
        //0x0003C86B
        //01 26 36 0B 33 01 CF D0 06 0B 23 D1 44 0C F0 06 0B 49 15 EF 00 28 18 44 D0 06 0B 23 D1 44 0C FF 
        //いらっしゃい!『きしや』です{F0}きしべに あるので『きしや』です
        //Welcome to the "Kishiya"!
        (uint8_t[]){0xb6, 0xa4, 0xab, 0xa2, 0xae, 0xac, 0xa4, 0xef, 0xb3, 0xae, 0xef, 0xb3, 0xa7, 0xa4, 0xf0,
                    0xbc, 0xaa, 0xa8, 0xb2, 0xa7, 0xa8, 0xb8, 0xa0, 0xbc, 0xcf, 0xFF},
        //0x0003C88B
        //4A 07 19 EF 1E 01 15 10 EF F0 05 03 36 12 07 28 EF 3B 0B 34 3D 2D 2C F0 09 09 44 EF 1E 36 12 01 28 2D 41 EF 7B 7D F3 F4 4A 07 18 EF 3B 0B 34 3D 2D 19 EF
        //77 9A 7D 5F 52 7D 44 15 2B 18 EF 12 01 29 18 EF 0B 3B 13 2C F0 0B 12 01 28 25 CF F3 F7 FF 
        //ぼくは まいにち {F0}かえってくる ごしゅじんを{F0}ここで まっているんだ ワン{F3}{F4}ぼくの ごしゅじんは リボンタウンでにわの ていれの しごとを{F0}しているよ!{F3}{F7}
        //I wait here every day for my master to come home, woof! He's a gardener in Taenia, woof!
        (uint8_t[]){0xa8, 0xef, 0xb6, 0xa0, 0xa8, 0xb3, 0xef, 0xa7, 0xa4, 0xb1, 0xa4, 0xef, 0xa4, 0xb5, 0xa4, 0xb1, 0xb8, 0xf0,
                    0xa3, 0xa0, 0xb8, 0xef, 0xa5, 0xae, 0xb1, 0xef, 0xac, 0xb8, 0xef, 0xac, 0xa0, 0xb2, 0xb3, 0xa4, 0xb1, 0xf3, 0xf4,
                    0xb3, 0xae, 0xef, 0xa2, 0xae, 0xac, 0xa4, 0xef, 0xa7, 0xae, 0xac, 0xa4, 0xd9, 0xf0,
                    0xb6, 0xae, 0xae, 0xa5, 0xcf, 0xef, 0xa7, 0xa4, 0xdc, 0xb2, 0xef, 0xa0, 0xf3, 0xf4,
                    0xa6, 0xa0, 0xb1, 0xa3, 0xa4, 0xad, 0xa4, 0xb1, 0xef, 0xa8, 0xad, 0xf0,
                    0xb3, 0xa0, 0xa4, 0xad, 0xa8, 0xa0, 0xd9, 0xef, 0xb6, 0xae, 0xae, 0xa5, 0xcf, 0xF3, 0xF7, 0xFF},
        //0x0003C8DC
        //72 56 CB CB CB CB CB CB CB CF CF CF CF CF CF CF CF CF CF CF CF CF CF CF CF CF CF CF CF CF CF CF CF CF CF CF D5 D5 D5 D5 D5 D5 D5 D5 D5 D5 D5 D5 D5 D5 D5 D5 D5 D5
        //45 02 23 26 EF 09 13 46 37 F0 11 02 3D 14 01 EF 26 0B 01 F3 F7 FF 
        //モキ-------!!!!!!!!!!!!!!!!!!!!!!!!!!!・・・・・・・・・・・・・・・・・・どうやら ことばが{F0}つうじない らしい{F3}{F7}
        //Mokiiiii! }Seems it can't understand me}
        (uint8_t[]){0xac, 0xae, 0xaa, 0xa8, 0xa8, 0xa8, 0xa8, 0xa8, 0xcf, 0xef, 0xe4, 0xb2, 0xa4, 0xa4, 0xac, 0xb2, 0xf0,
                    0xa8, 0xb3, 0xef, 0xa2, 0xa0, 0xad, 0xdc, 0xb3, 0xf3, 0xf4,
                    0xb4, 0xad, 0xa3, 0xa4, 0xb1, 0xb2, 0xb3, 0xa0, 0xad, 0xa3, 0xef, 0xac, 0xa4, 0xe4, 0xF3, 0xF7, 0xFF},
        //--- Verdant/Green town ---
        //0x0003C928
        //23 00 23 00 BA 25 07 06 0F 17 CF F0 89 77 CB 7D 5F 52 7D 19 EF 01 01 13 09 2A 41 2A 02 CE 2B 0F 0B 37 EF 11 1E 13 EF 44 00 36 0F 18 22 F0 09 09 18 EF 6E CB 58 86 63 EF
        //14 2D 41 25 F3 F4 1C 2D 4C 14 EF 13 09 2A 41 37 F0 24 36 07 27 EF 0B 12 01 36 12 EF 04 07 29 F3 F7 FF 
        //やあやあ、よくきたね!{F0}グリ-ンタウンは いいところだろう?わたしが つまと であったのも{F0}ここの マ-ケット なんだよ{F3}{F4}へんぴな ところだが{F0}ゆっくり していって おくれ{F3}{F7}
        //Hey, welcome! Verdant's a nice place, isn't it? I met my wife right here at this market.
        (uint8_t[]){0xa7, 0xa4, 0xb8, 0xd9, 0xef, 0xb6, 0xa4, 0xab, 0xa2, 0xae, 0xac, 0xa4, 0xcf, 0xf0,
                    0xb5, 0xa4, 0xb1, 0xa3, 0xa0, 0xad, 0xb3, 0xdc, 0xb2, 0xef, 0xa0, 0xef, 0xad, 0xa8, 0xa2, 0xa4, 0xf3, 0xf4,
                    0xaf, 0xab, 0xa0, 0xa2, 0xa4, 0xd9, 0xef, 0xa8, 0xb2, 0xad, 0xdc, 0xb3, 0xef, 0xa8, 0xb3, 0xce, 0xef, 0xa8,
                    0xac, 0xa4, 0xb3, 0xef, 0xac, 0xb8, 0xef, 0xb6, 0xa8, 0xa5, 0xa4, 0xef, 0xb1, 0xa8, 0xa6, 0xa7, 0xb3, 0xf3, 0xf4,
                    0xa7, 0xa4, 0xb1, 0xa4, 0xef, 0xa0, 0xb3, 0xef, 0xb3, 0xa7, 0xa8, 0xb2, 0xf0,
                    0xac, 0xa0, 0xb1, 0xaa, 0xa4, 0xb3, 0xda, 0xF3, 0xF7, 0xFF},
        //0x0003C982
        //00 26 00 26 BA 01 26 36 0B 33 01 CF F0 89 77 CB 7D 5F 52 7D 19 EF 06 15 01 36 0F CE F0 0F 01 0B 0F EF 04 22 12 14 0B 22 F0 44 06 14 01 08 45 F0 24 36 07 27 EF 0B 12 01 36 12 17 F3 F7 FF 
        //あらあら、いらっしゃい!{F0}グリ-ンタウンは きにいった?{F0}たいした おもてなしも{F0}できないけど{F0}ゆっくり していってね{F3}{F7}
        //Oh my, welcome! Do you like Verdant? We can't offer much in the way of hospitality, but please take your time and relax.
        (uint8_t[]){0xae, 0xa7, 0xef, 0xac, 0xb8, 0xd9, 0xef, 0xb6, 0xa4, 0xab, 0xa2, 0xae, 0xac, 0xa4, 0xcf, 0xef, 0xa3, 0xae,
                    0xb8, 0xae, 0xb4, 0xef, 0xab, 0xa8, 0xaa, 0xa4, 0xef, 0xb5, 0xa4, 0xb1, 0xa3, 0xa0, 0xad, 0xb3, 0xce, 0xf3, 0xf4,
                    0xb6, 0xa4, 0xef, 0xa2, 0xa0, 0xad, 0xdc, 0xb3, 0xef, 0xae, 0xa5, 0xa5, 0xa4, 0xb1, 0xf0,
                    0xac, 0xb4, 0xa2, 0xa7, 0xef, 0xa8, 0xad, 0xef, 0xb3, 0xa7, 0xa4, 0xef, 0xb6, 0xa0, 0xb8, 0xf3, 0xf4,
                    0xae, 0xa5, 0xef, 0xa7, 0xae, 0xb2, 0xaf, 0xa8, 0xb3, 0xa0, 0xab, 0xa8, 0xb3, 0xb8, 0xd9, 0xf0,
                    0xa1, 0xb4, 0xb3, 0xef, 0xaf, 0xab, 0xa4, 0xa0, 0xb2, 0xa4, 0xef, 0xb3, 0xa0, 0xaa, 0xa4, 0xf3, 0xf4,
                    0xb8, 0xae, 0xb4, 0xb1, 0xef, 0xb3, 0xa8, 0xac, 0xa4, 0xef, 0xa0, 0xad, 0xa3, 0xf0,
                    0xb1, 0xa4, 0xab, 0xa0, 0xb7, 0xda, 0xF3, 0xF7, 0xFF},
        //--- Aurum/Rich Town ---
        //0x0003C9C0
        //01 26 36 0B 33 01 1E 0D F0 77 86 60 5F 52 7D 19 EF 09 09 2C F0 1E 36 0C 39 EF 0B 0F EF 44 0C F3 F7 FF 
        //いらっしゃいませ{F0}リッチタウンは ここを{F0}まっすぐ した です{F3}{F7}
        //Hello. Aurum is straight down this way.
        (uint8_t[]){0xa7, 0xa4, 0xab, 0xab, 0xae, 0xda, 0xef, 0xa0, 0xb4, 0xb1, 0xb4, 0xac, 0xef, 0xa8, 0xb2, 0xf0,
                    0xb2, 0xb3, 0xb1, 0xa0, 0xa8, 0xa6, 0xa7, 0xb3, 0xef, 0xa3, 0xae, 0xb6, 0xad, 0xf3, 0xf4,
                    0xb3, 0xa7, 0xa8, 0xb2, 0xef, 0xb6, 0xa0, 0xb8, 0xda, 0xF3, 0xF7, 0xFF},
        //0x0003C9E2
        //09 09 18 EF 08 01 47 19 F0 13 12 22 EF 3A 2D 3D 34 02 41 7B 7D CF F0 04 05 17 22 10 23 EF 03 26 01 1A 13 EF 46 05 27 F0 0C 2D 44 EF 01 28 05 26 41 7B 7D CF F3 F7 FF 
        //ここの けいびは{F0}とても げんじゅうだワン!{F0}おかねもちや えらいひと ばかり{F0}すんで いるからだワン!{F3}{F7}
        //Security is tight here, woof! Only rich and important people live here, woof!
        (uint8_t[]){0xb2, 0xa4, 0xa2, 0xb4, 0xb1, 0xa8, 0xb3, 0xb8, 0xef, 0xa8, 0xb2, 0xef, 0xb3, 0xa8, 0xa6, 0xa7, 0xb3, 0xf0,
                    0xa7, 0xa4, 0xb1, 0xa4, 0xd9, 0xef, 0xb6, 0xae, 0xae, 0xa5, 0xcf, 0xef, 0xae, 0xad, 0xab, 0xb8, 0xf3, 0xf4,
                    0xb1, 0xa8, 0xa2, 0xa7, 0xef, 0xa0, 0xad, 0xa3, 0xef, 0xa8, 0xac, 0xaf, 0xae, 0xb1, 0xb3, 0xa0, 0xad, 0xb3,
                    0xaf, 0xa4, 0xae, 0xaf, 0xab, 0xa4, 0xef, 0xab, 0xa8, 0xb5, 0xa4, 0xef, 0xa7, 0xa4, 0xb1, 0xa4, 0xd9, 0xf3, 0xf4,
                    0xb6, 0xae, 0xae, 0xa5, 0xcf, 0xF3, 0xF7, 0xFF},
        //0x0003CA19
        //00 0F 07 0B 0F 10 F0 25 15 2D 0B 1E 01 EF 8C 6E 5C CF F0 00 2D 1E 27 EF 0E 36 07 27 14 2D 44 F0 1E 10 18 EF 1A 13 15 19 F0 1F 2B 08 37 EF 11 05 14 01 EF 25 02 8C 6E 5C 08 45 F0
        //3D 48 2D 0F 10 22 EF 04 0F 37 01 15 F0 25 07 1E 10 37 03 28 8C 6E 5C CF CF F3 F7 FF 
        //あたくしたち{F0}よにんしまい ザマス!{F0}あんまり そっくりなんで{F0}まちの ひとには{F0}みわけが つかない ようザマスけど{F0}じぶんたちも おたがいに{F0}よくまちがえるザマス!!{F3}{F7}
        //We're the 4 sisters! We look so alike the townspeople can't tell us apart! Even we mistake each other all the time!
        (uint8_t[]){0xb6, 0xa4, 0xdc, 0xb1, 0xa4, 0xef, 0xb3, 0xa7, 0xa4, 0xef, 0xc4, 0xf0,
                    0xb2, 0xa8, 0xb2, 0xb3, 0xa4, 0xb1, 0xb2, 0xcf, 0xef, 0xb6, 0xa4, 0xef, 0xab, 0xae, 0xae, 0xaa, 0xf3, 0xf4,
                    0xb2, 0xae, 0xef, 0xa0, 0xab, 0xa8, 0xaa, 0xa4, 0xef, 0xb3, 0xa7, 0xa4, 0xf0,
                    0xb3, 0xae, 0xb6, 0xad, 0xb2, 0xaf, 0xa4, 0xae, 0xaf, 0xab, 0xa4, 0xef, 0xa2, 0xa0, 0xad, 0xdc, 0xb3, 0xf3, 0xf4,
                    0xb3, 0xa4, 0xab, 0xab, 0xef, 0xb4, 0xb2, 0xef, 0xa0, 0xaf, 0xa0, 0xb1, 0xb3, 0xcf, 0xf0,
                    0xa4, 0xb5, 0xa4, 0xad, 0xef, 0xb6, 0xa4, 0xef, 0xac, 0xa8, 0xb2, 0xb3, 0xa0, 0xaa, 0xa4, 0xf3, 0xf4,
                    0xa4, 0xa0, 0xa2, 0xa7, 0xef, 0xae, 0xb3, 0xa7, 0xa4, 0xb1, 0xef, 0xa0, 0xab, 0xab, 0xef, 0xb3, 0xa7, 0xa4,
                    0xb3, 0xa8, 0xac, 0xa4, 0xcf, 0xF3, 0xF7, 0xFF},
        //0x0003CA70
        //09 18 EF 04 23 0B 06 19 F0 04 13 02 0A 1E 18 EF 01 0A 2D 44 F0 0F 12 0F EF 22 18 8C 6E 5C CF F0 10 35 36 13 EF 3D 1F 8C 6E 5C 08 45 D5 D5 D5 F3 F7 FF 
        //この おやしきは{F0}おとうさまの いさんで{F0}たてた ものザマス!{F0}ちょっと じみザマスけど・・・{F3}{F7}
        //This mansion was built with our father's inheritance! It's a bit plain, though}
        (uint8_t[]){0xb3, 0xa7, 0xa8, 0xb2, 0xef, 0xac, 0xa0, 0xad, 0xb2, 0xa8, 0xae, 0xad, 0xef, 0xb6, 0xa0, 0xb2, 0xf0,
                    0xa1, 0xb4, 0xa8, 0xab, 0xb3, 0xef, 0xb6, 0xa8, 0xb3, 0xa7, 0xef, 0xae, 0xb4, 0xb1, 0xf3, 0xf4,
                    0xa5, 0xa0, 0xb3, 0xa7, 0xa4, 0xb1, 0xdc, 0xb2, 0xf0,
                    0xa8, 0xad, 0xa7, 0xa4, 0xb1, 0xa8, 0xb3, 0xa0, 0xad, 0xa2, 0xa4, 0xcf, 0xef, 0xa8, 0xb3, 0xdc, 0xb2, 0xf3, 0xf4,
                    0xa0, 0xef, 0xa1, 0xa8, 0xb3, 0xef, 0xaf, 0xab, 0xa0, 0xa8, 0xad, 0xd9, 0xf0,
                    0xb3, 0xa7, 0xae, 0xb4, 0xa6, 0xa7, 0xe4, 0xF3, 0xF7, 0xFF},
        //0x0003CAA2
        //77 9A 7D 5F 52 7D 18 F0 9E 86 63 5B 85 86 9D 15 19 F0 3E 01 48 2D 13 F0 0D 2B 15 EF 14 36 12 EF 01 28 8C 6E 5C CF F3 F7 FF 
        //リボンタウンの{F0}ペットショップには{F0}ずいぶんと{F0}せわに なって いるザマス!{F3}{F7}
        //The pet shop in Taenia has helped us a lot!
        (uint8_t[]){0xb3, 0xa7, 0xa4, 0xef, 0xaf, 0xa4, 0xb3, 0xef, 0xb2, 0xa7, 0xae, 0xaf, 0xef, 0xa8, 0xad, 0xf0,
                    0xb3, 0xa0, 0xa4, 0xad, 0xa8, 0xa0, 0xef, 0xa7, 0xa0, 0xb2, 0xef, 0xa7, 0xa4, 0xab, 0xaf, 0xa4, 0xa3, 0xf3, 0xf4,
                    0xb4, 0xb2, 0xef, 0xa0, 0xef, 0xab, 0xae, 0xb3, 0xcf, 0xF3, 0xF7, 0xFF},
        //0x0003CACB
        //1E 10 15 EF 01 28 EF 55 71 0F 10 19 F0 1A 01 04 3D 01 0A 1E 18 EF 41 01 05 26 F0 09 18 1E 10 44 EF 41 01 41 01 EF 05 36 12 01 28 F0 13 36 12 22 EF 14 37 01 06 14 F0
        //55 71 14 2D 8C 6E 5C CF F0 77 86 60 5F 52 7D 18 EF 1F 2D 14 15 F0 05 2B 01 37 26 29 12 01 28 EF 0B 00 2B 0D 14 F0 55 71 0F 10 EF 8C 6E 5C CF CF F3 F7 FF 
        //まちに いる カメたちは{F0}ひいおじいさまの だいから{F0}このまちで だいだい かっている{F0}とっても ながいきな{F0}カメなんザマス!{F0}リッチタウンの みんなに{F0}
        //かわいがられている しあわせな{F0}カメたち ザマス!!{F3}{F7}
        //The turtles here have been raised since our great-grandfather's time. They're very long-lived! They're happy turtles, loved by everyone in Aurum!
        (uint8_t[]){0xb3, 0xa7, 0xa4, 0xef, 0xb3, 0xb4, 0xb1, 0xb3, 0xab, 0xa4, 0xb2, 0xef, 0xa7, 0xa4, 0xb1, 0xa4, 0xf0,
                    0xa7, 0xa0, 0xb5, 0xa4, 0xef, 0xa1, 0xa4, 0xa4, 0xad, 0xef, 0xb1, 0xa0, 0xa8, 0xb2, 0xa4, 0xa3, 0xf3, 0xf4,
                    0xb2, 0xa8, 0xad, 0xa2, 0xa4, 0xef, 0xae, 0xb4, 0xb1, 0xef, 0xa6, 0xb1, 0xa4, 0xa0, 0xb3, 0xf0,
                    0xa6, 0xb1, 0xa0, 0xad, 0xa3, 0xa5, 0xa0, 0xb3, 0xa7, 0xa4, 0xb1, 0xdc, 0xb2, 0xf3, 0xf4,
                    0xb3, 0xa8, 0xac, 0xa4, 0xda, 0xef, 0xb3, 0xa7, 0xa4, 0xb8, 0xdc, 0xb1, 0xa4, 0xef, 0xb5, 0xa4, 0xb1, 0xb8,
                    0xab, 0xae, 0xad, 0xa6, 0xcb, 0xab, 0xa8, 0xb5, 0xa4, 0xa3, 0xcf, 0xf3, 0xf4,
                    0xb3, 0xa7, 0xa4, 0xb8, 0xdc, 0xb1, 0xa4, 0xef, 0xa7, 0xa0, 0xaf, 0xaf, 0xb8, 0xf0,
                    0xb3, 0xb4, 0xb1, 0xb3, 0xab, 0xa4, 0xb2, 0xd9, 0xef, 0xab, 0xae, 0xb5, 0xa4, 0xa3, 0xef, 0xa1, 0xb8, 0xf3, 0xf4,
                    0xa4, 0xb5, 0xa4, 0xb1, 0xb8, 0xae, 0xad, 0xa4, 0xef, 0xa8, 0xad, 0xf0,
                    0xa0, 0xb4, 0xb1, 0xb4, 0xac, 0xcf, 0xF3, 0xF7, 0xFF},
        //0x0003CB35
        //04 23 0B 06 19 EF 1A 2A 01 18 15 F0 0B 25 02 15 2D 19 EF 4A 07 41 08 44 F0 21 37 EF 1E 2B 27 0E 02 CF F0 0B 05 22 EF 04 07 0A 1E 37 0F 19 F0
        //45 14 0F 22 EF 0E 36 07 27 44 F0 41 29 37 EF 41 29 23 26 D5 D5 D5 D5 D5 F3 F7 FF 
        //おやしきは ひろいのに{F0}しようにんは ぼくだけで{F0}めが まわりそう!{F0}しかも おくさまがたは{F0}どなたも そっくりで{F0}だれが だれやら・・・・・{F3}{F7}
        //The mansion is huge, but I'm the only servant} It makes my head spin! And on top of that, the mistresses all look exactly alike, so I can't tell who is who}
        (uint8_t[]){0xb3, 0xa7, 0xa4, 0xef, 0xac, 0xa0, 0xad, 0xb2, 0xa8, 0xae, 0xad, 0xef, 0xa8, 0xb2, 0xf0,
                    0xa7, 0xb4, 0xa6, 0xa4, 0xd9, 0xef, 0xa1, 0xb4, 0xb3, 0xef, 0xa8, 0xdc, 0xac, 0xef, 0xb3, 0xa7, 0xa4, 0xf3, 0xf4,
                    0xae, 0xad, 0xab, 0xb8, 0xef, 0xb2, 0xa4, 0xb1, 0xb5, 0xa0, 0xad, 0xb3, 0xe4, 0xef, 0xa8, 0xb3, 0xf0,
                    0xac, 0xa0, 0xaa, 0xa4, 0xb2, 0xef, 0xac, 0xb8, 0xef, 0xa7, 0xa4, 0xa0, 0xa3, 0xf3, 0xf4,
                    0xb2, 0xaf, 0xa8, 0xad, 0xcf, 0xef, 0xa0, 0xad, 0xa3, 0xef, 0xae, 0xad, 0xef, 0xb3, 0xae, 0xaf, 0xf0,
                    0xae, 0xa5, 0xef, 0xb3, 0xa7, 0xa0, 0xb3, 0xd9, 0xef, 0xb3, 0xa7, 0xa4, 0xf3, 0xf4,
                    0xac, 0xa8, 0xb2, 0xb3, 0xb1, 0xa4, 0xb2, 0xb2, 0xa4, 0xb2, 0xef, 0xa0, 0xab, 0xab, 0xf0,
                    0xab, 0xae, 0xae, 0xaa, 0xef, 0xa4, 0xb7, 0xa0, 0xa2, 0xb3, 0xab, 0xb8, 0xf3, 0xf4,
                    0xa0, 0xab, 0xa8, 0xaa, 0xa4, 0xd9, 0xef, 0xb2, 0xae, 0xef, 0xa8, 0xef, 0xa2, 0xa0, 0xad, 0xdc, 0xb3, 0xf0,
                    0xb3, 0xa4, 0xab, 0xab, 0xef, 0xb6, 0xa7, 0xae, 0xef, 0xa8, 0xb2, 0xef, 0xb6, 0xa7, 0xae, 0xe4, 0xF3, 0xF7, 0xFF},
        //0x0003CB7F
        //01 26 36 0B 33 01 91 75 CB F0 7B 5F 5B EF 02 0A 38 10 33 2D F0 41 01 0C 06 14 68 67 CB F0 55 CB 7B 51 51 18 25 67 CB F0 44 22 EF 6B 7D 18 EF 0B 1E 11 19 F0
        //60 85 86 13 EF 5F 51 6C 7D 41 67 CB F3 F7 FF 
        //いらっしゃいダヨ-{F0}ワタシ うさぎちゃん{F0}だいすきなノネ-{F0}カ-ワイイのよネ-{F0}でも フンの しまつは{F0}チョッと タイヘンだネ-{F3}{F7}
        //Hello! I love bunnies! They're so cute! Cleaning up after them is a bit of a hassle, though}
        (uint8_t[]){0xa7, 0xa4, 0xab, 0xab, 0xae, 0xcf, 0xef, 0xa8, 0xef, 0xab, 0xae, 0xb5, 0xa4, 0xf0,
                    0xa1, 0xb4, 0xad, 0xad, 0xa8, 0xa4, 0xb2, 0xcf, 0xef, 0xb3, 0xa7, 0xa4, 0xb8, 0xdc, 0xb1, 0xa4, 0xf3, 0xf4,
                    0xb2, 0xae, 0xef, 0xa2, 0xb4, 0xb3, 0xa4, 0xcf, 0xef, 0xa2, 0xab, 0xa4, 0xa0, 0xad, 0xa8, 0xad, 0xa6, 0xf0,
                    0xb4, 0xaf, 0xef, 0xa0, 0xa5, 0xb3, 0xa4, 0xb1, 0xef, 0xb3, 0xa7, 0xa4, 0xac, 0xef, 0xa8, 0xb2, 0xf3, 0xf4,
                    0xa0, 0xef, 0xa1, 0xa8, 0xb3, 0xef, 0xae, 0xa5, 0xef, 0xa0, 0xef, 0xa7, 0xa0, 0xb2, 0xb2, 0xab, 0xa4, 0xd9,
                    0xb3, 0xa7, 0xae, 0xb4, 0xa6, 0xa7, 0xe4, 0xF3, 0xF7, 0xFF},
        //0x0003CBC2
        //02 36 0A CB 02 0A 02 0A 02 0A CF F0 02 0A 02 0A CB CF 02 0A 02 0A CB CF F3 F7 FF 
        //うっさ-うさうさうさ!{F0}うさうさ-!うさうさ-!{F3}{F7}
        //Usa usa! Usa usa!
        (uint8_t[]){0xb4, 0xb2, 0xa0, 0xef, 0xb4, 0xb2, 0xa0, 0xcf, 0xf0,
                    0xb4, 0xb2, 0xa0, 0xef, 0xb4, 0xb2, 0xa0, 0xcf, 0xF3, 0xF7, 0xFF},
        //0x0003CBDD
        //02 0A 02 0A BA 02 0A 02 0A CE 02 0A BA F0 02 0A CB CF 02 0A 02 0A 02 0A CF CF F3 F7 FF 
        //うさうさ、うさうさ?うさ、{F0}うさ-!うさうさうさ!!{F3}{F7}
        //Usa usa? Usa, usa!
        (uint8_t[]){0xb4, 0xb2, 0xa0, 0xef, 0xb4, 0xb2, 0xa0, 0xce, 0xf0,
                    0xb4, 0xb2, 0xa0, 0xd9, 0xef, 0xb4, 0xb2, 0xa0, 0xcf, 0xF3, 0xF7, 0xFF},
        //0x0003CBFA
        //02 0A CE F0 02 CB CB CB 0A CB CB CB CF CF F3 F7 FF 
        //うさ?{F0}う---さ---!!{F3}{F7}
        //Usa? U-s-a!
        (uint8_t[]){0xb4, 0xb2, 0xa0, 0xce, 0xef, 0xb4, 0xcb, 0xb2, 0xcb, 0xa0, 0xcf, 0xF3, 0xF7, 0xFF},
        //0x0003CC0B
        //09 09 18 EF 0B 14 40 2A 03 19 F0 45 09 18 1E 10 25 27 EF 1D 02 1B 41 25 CF F0 D5 D5 D5 D5 13 EF 01 01 0F 01 EF 13 09 2A 41 08 45 F0 0C 49 12 18 EF 22 18 37 EF 04 01 12 00 28 F0
        //2B 08 44 22 EF 14 01 2D 41 25 17 D5 D5 D5 D5 D5 F3 F7 FF 
        //ここの しなぞろえは{F0}どこのまちより ほうふだよ!{F0}・・・・と いいたい ところだけど{F0}すべての ものが おいてある{F0}わけでも ないんだよね・・・・・{F3}{F7}
        //The selection here is richest! Still it's not like they have everything}
        (uint8_t[]){0xb3, 0xa7, 0xa4, 0xef, 0xb2, 0xa4, 0xab, 0xa4, 0xa2, 0xb3, 0xa8, 0xae, 0xad, 0xef, 0xa7, 0xa4, 0xb1, 0xa4,
                    0xa8, 0xb2, 0xef, 0xb1, 0xa8, 0xa2, 0xa7, 0xa4, 0xb2, 0xb3, 0xcf, 0xef, 0xb2, 0xb3, 0xa8, 0xab, 0xab, 0xf3, 0xf4,
                    0xa8, 0xb3, 0xdc, 0xb2, 0xef, 0xad, 0xae, 0xb3, 0xef, 0xab, 0xa8, 0xaa, 0xa4, 0xef, 0xb3, 0xa7, 0xa4, 0xb8,
                    0xa7, 0xa0, 0xb5, 0xa4, 0xef, 0xa4, 0xb5, 0xa4, 0xb1, 0xb8, 0xb3, 0xa7, 0xa8, 0xad, 0xa6, 0xe4, 0xF3, 0xF7, 0xFF},
        //0x0003CC59
        //87 CB CF EF 87 CB CF F0 09 09 19 EF 01 14 05 1E 10 EF 41 05 26 F0 07 02 06 22 EF 1F 3E 22 EF 0C 1F 2B 0F 36 12 F0 13 36 12 22 EF 06 29 01 41 EF 87 CB CF F3 F4
        //09 09 2C EF 06 35 12 2D 15 EF 0A 46 07 18 F0 08 2D 48 11 15 EF 01 07 1A 13 37 EF 04 04 01 05 26 F0 1F 0D 18 EF 0B 14 40 2A 03 19 EF 0E 29 14 27 15 F0 0E 2A 36 12 EF 01 28 2D 41 87 CB CF F3 F7 FF 
        //ガ-! ガ-!{F0}ここは いなかまち だから{F0}くうきも みずも すみわたって{F0}とっても きれいだ ガ-!{F3}{F4}ここを きょてんに さばくの{F0}けんぶつに いくひとが おおいから{F0}
        //みせの しなぞろえは それなりに{F0}そろって いるんだガ-!{F3}{F7}
        //Gah! This is a rural town, so the air and water are crystal clear, gah! Lots of people use it as a base for desert sightseeing, so the store's decently well-stocked, gah!
        (uint8_t[]){0xa6, 0xa0, 0xa7, 0xcf, 0xef, 0xb3, 0xa7, 0xa8, 0xb2, 0xef, 0xa8, 0xb2, 0xef, 0xa0, 0xf0,
                    0xb1, 0xb4, 0xb1, 0xa0, 0xab, 0xef, 0xb3, 0xae, 0xb6, 0xad, 0xd9, 0xef, 0xb2, 0xae, 0xf3, 0xf4,
                    0xb3, 0xa7, 0xa4, 0xef, 0xa0, 0xa8, 0xb1, 0xef, 0xa0, 0xad, 0xa3, 0xef, 0xb6, 0xa0, 0xb3, 0xa4, 0xb1, 0xf0,
                    0xa0, 0xb1, 0xa4, 0xef, 0xa2, 0xb1, 0xb8, 0xb2, 0xb3, 0xa0, 0xab, 0xf3, 0xf4,
                    0xa2, 0xab, 0xa4, 0xa0, 0xb1, 0xd9, 0xef, 0xa6, 0xa0, 0xa7, 0xcf, 0xef, 0xab, 0xae, 0xb3, 0xb2, 0xf0,
                    0xae, 0xa5, 0xef, 0xaf, 0xa4, 0xae, 0xaf, 0xab, 0xa4, 0xef, 0xb4, 0xb2, 0xa4, 0xef, 0xa8, 0xb3, 0xf3, 0xf4,
                    0xa0, 0xb2, 0xef, 0xa0, 0xef, 0xa1, 0xa0, 0xb2, 0xa4, 0xef, 0xa5, 0xae, 0xb1, 0xf0,
                    0xa3, 0xa4, 0xb2, 0xa4, 0xb1, 0xb3, 0xf3, 0xf4,
                    0xb2, 0xa8, 0xa6, 0xa7, 0xb3, 0xb2, 0xa4, 0xa4, 0xa8, 0xad, 0xa6, 0xd9, 0xef, 0xb2, 0xae, 0xf0,
                    0xb3, 0xa7, 0xa4, 0xef, 0xb2, 0xb3, 0xae, 0xb1, 0xa4, 0xdc, 0xb2, 0xf3, 0xf4,
                    0xa3, 0xa4, 0xa2, 0xa4, 0xad, 0xb3, 0xab, 0xb8, 0xef, 0xb6, 0xa4, 0xab, 0xab, 0xcb, 0xf0,
                    0xb2, 0xb3, 0xae, 0xa2, 0xaa, 0xa4, 0xa3, 0xd9, 0xef, 0xa6, 0xa0, 0xa7, 0xcf, 0xF3, 0xF7, 0xFF},
        //0x0003CCCF
        //13 05 01 EF 39 26 0B 15 EF 1F 06 27 2C EF 11 08 12 F0 89 77 CB 7D 5F 52 7D 15 EF 23 36 12 06 0F 18 F0 09 09 14 26 EF 18 2D 47 27 EF 44 06 28 13 F0
        //04 22 36 0F 05 26 17 CF F3 F4 2B 0F 0B EF 22 13 22 13 19 EF 77 9A 7D 5F 52 7D 15 F0 0C 2D 44 01 0F 08 45 EF 22 36 13 EF 0B 3F 2D 18 F0 04 04 01 13 09 2A 15 EF 00 09 37 29 12 F0
        //01 1E 19 EF 09 09 15 EF 0C 2D 44 01 28 18 25 CF F3 F4 1F 2D 14 EF 0B 2D 0D 11 41 0B F0 0F 49 22 18 19 EF 04 01 0B 01 0B F0 12 2D 06 22 EF 01 10 17 2D 3D 34 02 EF 01 01 0B F0
        //01 02 09 13 14 01 2B 17 CF D5 D5 D5 D5 D5 D5 D5 F3 F4 00 26 CE EF 00 0F 0B 36 0F 26 EF 10 35 36 13 F0 04 0B 33 49 27 EF 0B 0C 38 0F 05 0B 26 CE F0
        //00 00 EF 44 22 17 EF 09 29 19 EF 1B 02 45 47 35 02 18 D0 04 0B 33 49 27 17 11 D1 13 19 EF 05 2D 08 01 14 07 0F 41 EF 00 0F 0B 37 EF 04 0B 33 49 27 14 F0
        //41 08 14 18 25 17 D5 D5 D5 3B 21 2D 14 0A 01 17 F0 1A 06 13 21 10 33 36 12 F0 00 0F 0B 18 EF 04 0B 33 49 27 15 EF 3E 01 48 2D F0 11 06 00 2B 0D 10 33 36 0F 2B CF CF F3 F7 FF 
        //とかい ぐらしに みきりを つけて{F0}グリ-ンタウンに やってきたの{F0}ここなら のんびり できると{F0}おもったからね!{F3}{F4}わたし もともとは リボンタウンに{F0}
        //すんでいたけど もっと しぜんの{F0}おおいところに あこがれて{F0}いまは ここに すんでいるのよ!{F3}{F4}みんな しんせつだし{F0}たべものは おいしいし{F0}
        //てんきも いちねんじゅう いいし{F0}いうことないわね!・・・・・・・{F3}{F4}あら? あたしったら ちょっと{F0}おしゃべり しすぎたかしら?{F0}
        //ああ でもね これは ふうどびょうの『おしゃべりねつ』とは かんけいなくただ あたしが おしゃべりな{F0}だけなのよね・・・ごめんなさいね{F0}ひきとめちゃって{F0}
        //あたしの おしゃべりに ずいぶん{F0}つきあわせちゃったわ!!{F3}{F7}
        //I left the city life and came to relax in Verdant. I used to live in Taenia, but I longed for nature} Now I'm here. Everyone's kind, the food's great, and the weather's perfect}
        //Oh, am I talking too much? I'm just naturally chatty. Sorry for rambling!
        (uint8_t[]){0xa8, 0xef, 0xab, 0xa4, 0xa5, 0xb3, 0xef, 0xb3, 0xa7, 0xa4, 0xef, 0xa2, 0xa8, 0xb3, 0xb8, 0xf0,
                    0xab, 0xa8, 0xa5, 0xa4, 0xef, 0xa0, 0xad, 0xa3, 0xef, 0xa2, 0xa0, 0xac, 0xa4, 0xef, 0xb3, 0xae, 0xf3, 0xf4,
                    0xb1, 0xa4, 0xab, 0xa0, 0xb7, 0xef, 0xa8, 0xad, 0xef, 0xb5, 0xa4, 0xb1, 0xa3, 0xa0, 0xad, 0xb3, 0xda, 0xf0,
                    0xa8, 0xef, 0xb4, 0xb2, 0xa4, 0xa3, 0xef, 0xb3, 0xae, 0xef, 0xab, 0xa8, 0xb5, 0xa4, 0xef, 0xa8, 0xad, 0xf3, 0xf4,
                    0xb3, 0xa0, 0xa4, 0xad, 0xa8, 0xa0, 0xd9, 0xef, 0xa1, 0xb4, 0xb3, 0xef, 0xa8, 0xf0,
                    0xab, 0xae, 0xad, 0xa6, 0xa4, 0xa3, 0xef, 0xa5, 0xae, 0xb1, 0xf3, 0xf4,
                    0xad, 0xa0, 0xb3, 0xb4, 0xb1, 0xa4, 0xe4, 0xef, 0xad, 0xae, 0xb6, 0xef, 0xa8, 0xdc, 0xac, 0xf0,
                    0xa7, 0xa4, 0xb1, 0xa4, 0xda, 0xef, 0xa4, 0xb5, 0xa4, 0xb1, 0xb8, 0xae, 0xad, 0xa4, 0xdc, 0xb2, 0xf3, 0xf4,
                    0xaa, 0xa8, 0xad, 0xa3, 0xd9, 0xef, 0xb3, 0xa7, 0xa4, 0xef, 0xa5, 0xae, 0xae, 0xa3, 0xdc, 0xb2, 0xf0,
                    0xa6, 0xb1, 0xa4, 0xa0, 0xb3, 0xd9, 0xef, 0xa0, 0xad, 0xa3, 0xef, 0xb3, 0xa7, 0xa4, 0xf3, 0xf4,
                    0xb6, 0xa4, 0xa0, 0xb3, 0xa7, 0xa4, 0xb1, 0xdc, 0xb2, 0xef, 0xaf, 0xa4, 0xb1, 0xa5, 0xa4, 0xa2, 0xb3, 0xe4,
                    0xae, 0xa7, 0xd9, 0xef, 0xa0, 0xac, 0xef, 0xa8, 0xef, 0xb3, 0xa0, 0xab, 0xaa, 0xa8, 0xad, 0xa6, 0xf3, 0xf4,
                    0xb3, 0xae, 0xae, 0xef, 0xac, 0xb4, 0xa2, 0xa7, 0xce, 0xef, 0xa8, 0xdc, 0xac, 0xef, 0xa9, 0xb4, 0xb2, 0xb3,
                    0xad, 0xa0, 0xb3, 0xb4, 0xb1, 0xa0, 0xab, 0xab, 0xb8, 0xef, 0xa2, 0xa7, 0xa0, 0xb3, 0xb3, 0xb8, 0xda, 0xf3, 0xf4,
                    0xb2, 0xae, 0xb1, 0xb1, 0xb8, 0xef, 0xa5, 0xae, 0xb1, 0xf0,
                    0xb1, 0xa0, 0xac, 0xa1, 0xab, 0xa8, 0xad, 0xa6, 0xcf, 0xF3, 0xF7, 0xFF},
        //0x0003CE13
        //04 1F 0D 37 EF 04 04 01 18 19 EF 01 01 08 29 45 F0 45 09 15 EF 14 15 37 EF 00 28 05 F0 2B 05 26 14 07 EF 14 36 10 33 02 25 D5 D5 D5 CF F3 F4 00 26 EF 00 2D 0F CF F0
        //09 18 1E 10 18 0E 13 2C EF 00 2D 1E 27 F0 02 2A 02 2A 0B 12 01 28 13 F0 11 29 12 01 28 EF 45 02 48 11 37 F0 1B 02 45 47 35 02 18 D0 04 0B 33 49 27 17 11 D1 15 F0
        //05 05 28 36 12 EF 0B 36 12 0F 05 01 CE F3 F7 FF 
        //おみせが おおいのは いいけれど{F0}どこに なにが あるか{F0}わからなく なっちゃうよ・・・!{F3}{F4}あら あんた!{F0}このまちのそとを あんまり{F0}うろうろしていると{F0}
        //つれている どうぶつが{F0}ふうどびょうの『おしゃべりねつ』に{F0}かかるって しってたかい?{F3}{F7}
        //So many shops} I lose track of what's where! Oh, you! Did you know that if you wander around too much outside the town, the animal you're with will catch <Babbling>?
        (uint8_t[]){0xb2, 0xae, 0xef, 0xac, 0xa0, 0xad, 0xb8, 0xef, 0xb2, 0xa7, 0xae, 0xaf, 0xb2, 0xe4, 0xef, 0xa8, 0xf0,
                    0xab, 0xae, 0xb2, 0xa4, 0xef, 0xb3, 0xb1, 0xa0, 0xa2, 0xaa, 0xef, 0xae, 0xa5, 0xf3, 0xf4,
                    0xb6, 0xa7, 0xa0, 0xb3, 0xdc, 0xb2, 0xef, 0xb6, 0xa7, 0xa4, 0xb1, 0xa4, 0xcf, 0xef, 0xae, 0xa7, 0xd9, 0xf0,
                    0xb8, 0xae, 0xb4, 0xcf, 0xef, 0xa3, 0xa8, 0xa3, 0xef, 0xb8, 0xae, 0xb4, 0xef, 0xaa, 0xad, 0xae, 0xb6, 0xf3, 0xf4,
                    0xb3, 0xa7, 0xa0, 0xb3, 0xef, 0xa8, 0xa5, 0xef, 0xb8, 0xae, 0xb4, 0xef, 0xb6, 0xa0, 0xad, 0xa3, 0xa4, 0xb1,
                    0xa0, 0xb1, 0xae, 0xb4, 0xad, 0xa3, 0xef, 0xb3, 0xae, 0xae, 0xef, 0xac, 0xb4, 0xa2, 0xa7, 0xf3, 0xf4,
                    0xae, 0xb4, 0xb3, 0xb2, 0xa8, 0xa3, 0xa4, 0xef, 0xb3, 0xa7, 0xa4, 0xef, 0xb3, 0xae, 0xb6, 0xad, 0xd9, 0xf0,
                    0xb3, 0xa7, 0xa4, 0xef, 0xa0, 0xad, 0xa8, 0xac, 0xa0, 0xab, 0xef, 0xb8, 0xae, 0xb4, 0xdc, 0xb1, 0xa4, 0xf3, 0xf4,
                    0xb6, 0xa8, 0xb3, 0xa7, 0xef, 0xb6, 0xa8, 0xab, 0xab, 0xef, 0xa2, 0xa0, 0xb3, 0xa2, 0xa7, 0xf0,
                    0xd0, 0xa1, 0xa0, 0xa1, 0xa1, 0xab, 0xa8, 0xad, 0xa6, 0xd1, 0xce, 0xF3, 0xF7, 0xFF},
        //0x0003CE90
        //98 78 EF 98 78 CF F0 4A 07 18 EF 3B 0B 34 3D 2D 19 F0 22 13 EF 1D 3B 05 2D EF 41 EF 98 78 CF F0 09 09 15 EF 07 28 1E 44 EF 77 9A 7D 5F 52 7D 44 F0
        //19 0F 26 01 12 EF 01 0F EF 98 78 CF F3 F4 01 1E 18 EF 1D 3B 05 2D 19 EF 3B 0B 34 3D 2D 18 F0 04 13 02 13 41 EF 98 78 CF EF 98 78 EF 98 78 CF F3 F7 FF 
        //ブル ブル!{F0}ぼくの ごしゅじんは{F0}もと ほごかん だ ブル!{F0}ここに くるまで リボンタウンで{F0}はたらいて いた ブル!{F3}{F4}いまの ほごかんは ごしゅじんの{F0}おとうとだ ブル! ブル ブル!{F3}{F7}
        //My owner used to be a shelter keeper, buru! He worked in Taenia before coming here, buru! The current shelter keeper is his younger brother, buru!
        (uint8_t[]){0xac, 0xb8, 0xef, 0xae, 0xb6, 0xad, 0xa4, 0xb1, 0xef, 0xb4, 0xb2, 0xa4, 0xa3, 0xef, 0xb3, 0xae, 0xf0,
                    0xa1, 0xa4, 0xef, 0xa0, 0xef, 0xb2, 0xa7, 0xa4, 0xab, 0xb3, 0xa4, 0xb1, 0xf3, 0xf4,
                    0xaa, 0xa4, 0xa4, 0xaf, 0xa4, 0xb1, 0xd9, 0xef, 0xa1, 0xb4, 0xb1, 0xb4, 0xcf, 0xef, 0xa7, 0xa4, 0xf0,
                    0xb6, 0xae, 0xb1, 0xaa, 0xa4, 0xa3, 0xef, 0xa8, 0xad, 0xef, 0xb3, 0xa0, 0xa4, 0xad, 0xa8, 0xa0, 0xf3, 0xf4,
                    0xa1, 0xa4, 0xa5, 0xae, 0xb1, 0xa4, 0xef, 0xa2, 0xae, 0xac, 0xa8, 0xad, 0xa6, 0xf0,
                    0xa7, 0xa4, 0xb1, 0xa4, 0xd9, 0xef, 0xa1, 0xb4, 0xb1, 0xb4, 0xcf, 0xef, 0xb3, 0xa7, 0xa4, 0xf3, 0xf4,
                    0xa2, 0xb4, 0xb1, 0xb1, 0xa4, 0xad, 0xb3, 0xef, 0xb2, 0xa7, 0xa4, 0xab, 0xb3, 0xa4, 0xb1, 0xf0,
                    0xaa, 0xa4, 0xa4, 0xaf, 0xa4, 0xb1, 0xef, 0xa8, 0xb2, 0xef, 0xa7, 0xa8, 0xb2, 0xf3, 0xf4,
                    0xb8, 0xae, 0xb4, 0xad, 0xa6, 0xa4, 0xb1, 0xef, 0xa1, 0xb1, 0xae, 0xb3, 0xa7, 0xa4, 0xb1, 0xd9, 0xf0,
                    0xa1, 0xb4, 0xb1, 0xb4, 0xcf, 0xF3, 0xF7, 0xFF},
        //--- Glacia/Snow Town ---
        //0x0003CEF3
        //5C 68 CB 5F 52 7D 18 EF 24 06 19 F0 13 08 0F 09 13 37 EF 14 01 2D 41 25 F0 09 09 19 EF 3E 36 13 EF 01 12 11 07 EF 0A 20 0A 15 F0 11 11 1E 29 12 EF 01 28 2D 41 F3 F4
        //24 06 1F 10 19 EF 00 28 06 15 07 01 05 26 F0 00 0B 22 13 15 EF 06 2C 11 08 12 17 CF F3 F7 FF 
        //スノ-タウンの ゆきは{F0}とけたことが ないんだよ{F0}ここは ずっと いてつく さむさに{F0}つつまれて いるんだ{F3}{F4}ゆきみちは あるきにくいから{F0}あしもとに きをつけてね!{F3}{F7}
        //The snow in Glacia never melts! It's forever wrapped in freezing cold. The snowy paths are hard to walk on, so watch your step!
        (uint8_t[]){0xb3, 0xa7, 0xa4, 0xef, 0xb2, 0xad, 0xae, 0xb6, 0xef, 0xa8, 0xad, 0xef, 0xa6, 0xab, 0xa0, 0xa2, 0xa8, 0xa0,
                    0xad, 0xa4, 0xb5, 0xa4, 0xb1, 0xef, 0xac, 0xa4, 0xab, 0xb3, 0xb2, 0xcf, 0xef, 0xa8, 0xb3, 0xdc, 0xb2, 0xf3, 0xf4,
                    0xa5, 0xae, 0xb1, 0xa4, 0xb5, 0xa4, 0xb1, 0xef, 0xb6, 0xb1, 0xa0, 0xaf, 0xaf, 0xa4, 0xa3, 0xef, 0xa8, 0xad,
                    0xa5, 0xb1, 0xa4, 0xa4, 0xb9, 0xa8, 0xad, 0xa6, 0xef, 0xa2, 0xae, 0xab, 0xa3, 0xda, 0xf3, 0xf4,
                    0xb3, 0xa7, 0xa4, 0xef, 0xb2, 0xad, 0xae, 0xb6, 0xb8, 0xef, 0xaf, 0xa0, 0xb3, 0xa7, 0xb2, 0xf0,
                    0xa0, 0xb1, 0xa4, 0xef, 0xa7, 0xa0, 0xb1, 0xa3, 0xef, 0xb3, 0xae, 0xef, 0xb6, 0xa0, 0xab, 0xaa, 0xf3, 0xf4,
                    0xae, 0xad, 0xd9, 0xef, 0xb2, 0xae, 0xef, 0xb6, 0xa0, 0xb3, 0xa2, 0xa7, 0xef, 0xb8, 0xae, 0xb4, 0xb1, 0xf0,
                    0xb2, 0xb3, 0xa4, 0xaf, 0xcf, 0xF3, 0xF7, 0xFF},
        //0x0003CF49
        //24 06 18 EF 04 04 01 13 09 2A 37 EF 0C 06 25 CF F0 0E 27 2C EF 1A 07 18 37 EF 13 07 01 14 18 7B 7D CF F0 6B 7B 6B 7B 0D 11 3A 2D 2C EF 45 09 1E 44 22 F0
        //04 04 06 14 0E 27 2C EF 1A 01 12 EF 14 05 1E 13 F0 05 08 12 01 07 13 06 18 EF 06 48 2D 19 F0 09 13 46 44 19 EF 0D 11 21 01 EF 0B 06 29 14 01 F0 0F 18 0B 0A 14 18 7B 7D CF F3 F4
        //0E 02 41 D5 D5 D5 6B 7B 6B 7B 0D 11 3A 2D 15 19 F0 D0 1A 35 02 12 2D 17 11 D1 13 01 02 F0 1B 02 45 47 35 02 37 EF 00 28 09 13 2C F0 0B 36 12 01 28 CE F0
        //05 26 41 18 EF 25 2B 36 12 01 28 EF 45 02 48 11 19 F0 13 07 15 EF 05 05 27 23 0C 01 05 26 F0 06 2C 11 08 28 13 EF 01 01 7B 7D CF CF F3 F7 FF 
        //ゆきの おおいところが すきよ!{F0}そりを ひくのが とくいなのワン!{F0}フワフワせつげんを どこまでも{F0}おおきなそりを ひいて なかまと{F0}かけていくときの きぶんは{F0}
        //ことばでは せつめい しきれない{F0}たのしさなのワン!{F3}{F4}そうだ・・・フワフワせつげんには{F0}『ひょうてんねつ』という{F0}ふうどびょうが あることを{F0}しっている?{F0}
        //からだの よわっている どうぶつは{F0}とくに かかりやすいから{F0}きをつけると いいワン!!{F3}{F7}
        //I love snow! I'm great at pulling sleds, woof! The joy of dashing across fluffy snowfields with my friends is indescribable, woof! Oh, right}
        //Did you know pets can catch <Freeze> if they stay too long in snow fields, woof?
        (uint8_t[]){0xa8, 0xef, 0xab, 0xae, 0xb5, 0xa4, 0xef, 0xb2, 0xad, 0xae, 0xb6, 0xcf, 0xef, 0xa8, 0xdc, 0xac, 0xf0,
                    0xa6, 0xb1, 0xa4, 0xa0, 0xb3, 0xef, 0xa0, 0xb3, 0xef, 0xaf, 0xb4, 0xab, 0xab, 0xa8, 0xad, 0xa6, 0xf3, 0xf4,
                    0xb2, 0xab, 0xa4, 0xa3, 0xb2, 0xd9, 0xef, 0xb6, 0xae, 0xae, 0xa5, 0xcf, 0xef, 0xb3, 0xa7, 0xa4, 0xf0,
                    0xa9, 0xae, 0xb8, 0xef, 0xae, 0xa5, 0xef, 0xa3, 0xa0, 0xb2, 0xa7, 0xa8, 0xad, 0xa6, 0xf3, 0xf4,
                    0xa0, 0xa2, 0xb1, 0xae, 0xb2, 0xb2, 0xef, 0xa5, 0xab, 0xb4, 0xa5, 0xa5, 0xb8, 0xf0,
                    0xb2, 0xad, 0xae, 0xb6, 0xa5, 0xa8, 0xa4, 0xab, 0xa3, 0xb2, 0xef, 0xb6, 0xa8, 0xb3, 0xa7, 0xf3, 0xf4,
                    0xac, 0xb8, 0xef, 0xa5, 0xb1, 0xa8, 0xa4, 0xad, 0xa3, 0xb2, 0xef, 0xa8, 0xb2, 0xf0,
                    0xa8, 0xad, 0xa3, 0xa4, 0xb2, 0xa2, 0xb1, 0xa8, 0xa1, 0xa0, 0xa1, 0xab, 0xa4, 0xd9, 0xf3, 0xf4,
                    0xb6, 0xae, 0xae, 0xa5, 0xcf, 0xef, 0xae, 0xa7, 0xd9, 0xef, 0xb1, 0xa8, 0xa6, 0xa7, 0xb3, 0xe4, 0xf0,
                    0xa3, 0xa8, 0xa3, 0xef, 0xb8, 0xae, 0xb4, 0xef, 0xaa, 0xad, 0xae, 0xb6, 0xef, 0xaf, 0xa4, 0xb3, 0xb2, 0xf3, 0xf4,
                    0xa2, 0xa0, 0xad, 0xef, 0xa2, 0xa0, 0xb3, 0xa2, 0xa7, 0xef, 0xd0, 0xa5, 0xb1, 0xa4, 0xa4, 0xb9, 0xa4, 0xd1,
                    0xa8, 0xa5, 0xef, 0xb3, 0xa7, 0xa4, 0xb8, 0xef, 0xb2, 0xb3, 0xa0, 0xb8, 0xef, 0xb3, 0xae, 0xae, 0xf3, 0xf4,
                    0xab, 0xae, 0xad, 0xa6, 0xef, 0xa8, 0xad, 0xef, 0xb2, 0xad, 0xae, 0xb6, 0xf0,
                    0xa5, 0xa8, 0xa4, 0xab, 0xa3, 0xb2, 0xd9, 0xef, 0xb6, 0xae, 0xae, 0xa5, 0xce, 0xF3, 0xF7, 0xFF},
        //0x0003D019
        //24 06 05 06 EF 24 06 05 06 D5 D5 D5 D5 F0 1E 10 18 EF 1A 2A 46 19 EF 01 11 44 22 F0 11 05 03 28 25 02 15 EF 0B 12 04 05 14 07 10 33 CF F3 F4
        //09 09 44 19 EF 05 3F 18 1B 07 04 13 1E 44 F0 09 04 36 12 0B 1E 02 05 26 F0 1E 10 18 EF 1B 2D 01 06 15 22 F0 10 35 36 13 0B 0F EF 1B 3F 01 37 F0
        //00 28 44 0B 35 CE F3 F4 0A 20 0A 18 EF 06 47 0B 01 13 09 2A 41 08 45 F0 1F 2D 14 EF 09 18 1E 10 2C F0 13 12 22 EF 00 01 0B 12 01 28 2D 44 0C CF F3 F7 FF 
        //ゆきかき ゆきかき・・・・{F0}まちの ひろばは いつでも{F0}つかえるように しておかなくちゃ!{F3}{F4}ここでは かぜのふくおとまで{F0}こおってしまうから{F0}まちの ふんいきにも{F0}
        //ちょっとした ふぜいが{F0}あるでしょ?{F3}{F4}さむさの きびしいところだけど{F0}みんな このまちを{F0}とても あいしているんです!{F3}{F7}
        //Shoveling snow, shoveling snow} I've to keep the town square usable! Here, even the wind sounds frozen! It's a poetic atmosphere, don't you think? It's harshly cold, but everyone loves this town!
        (uint8_t[]){0xb2, 0xa7, 0xae, 0xb5, 0xa4, 0xab, 0xa8, 0xad, 0xa6, 0xef, 0xb2, 0xad, 0xae, 0xb6, 0xd9, 0xf0,
                    0xb2, 0xa7, 0xae, 0xb5, 0xa4, 0xab, 0xa8, 0xad, 0xa6, 0xef, 0xb2, 0xad, 0xae, 0xb6, 0xe4, 0xf3, 0xf4,
                    0xa8, 0xdc, 0xb5, 0xa4, 0xef, 0xb3, 0xae, 0xef, 0xaa, 0xa4, 0xa4, 0xaf, 0xef, 0xb3, 0xa7, 0xa4, 0xf0,
                    0xb3, 0xae, 0xb6, 0xad, 0xef, 0xb2, 0xb0, 0xb4, 0xa0, 0xb1, 0xa4, 0xf3, 0xf4,
                    0xb4, 0xb2, 0xa0, 0xa1, 0xab, 0xa4, 0xcf, 0xef, 0xa7, 0xa4, 0xb1, 0xa4, 0xd9, 0xef, 0xa4, 0xb5, 0xa4, 0xad,
                    0xb3, 0xa7, 0xa4, 0xef, 0xb6, 0xa8, 0xad, 0xa3, 0xef, 0xb2, 0xae, 0xb4, 0xad, 0xa3, 0xb2, 0xf3, 0xf4,
                    0xa5, 0xb1, 0xae, 0xb9, 0xa4, 0xad, 0xcf, 0xef, 0xa8, 0xb3, 0xdc, 0xb2, 0xef, 0xa0, 0xf0,
                    0xaf, 0xae, 0xa4, 0xb3, 0xa8, 0xa2, 0xf3, 0xf4,
                    0xa0, 0xb3, 0xac, 0xae, 0xb2, 0xaf, 0xa7, 0xa4, 0xb1, 0xa4, 0xd9, 0xef, 0xa3, 0xae, 0xad, 0xdc, 0xb3, 0xf0,
                    0xb8, 0xae, 0xb4, 0xef, 0xb3, 0xa7, 0xa8, 0xad, 0xaa, 0xce, 0xef, 0xa8, 0xb3, 0xdc, 0xb2, 0xf3, 0xf4,
                    0xa7, 0xa0, 0xb1, 0xb2, 0xa7, 0xab, 0xb8, 0xef, 0xa2, 0xae, 0xab, 0xa3, 0xd9, 0xef, 0xa1, 0xb4, 0xb3, 0xf0,
                    0xa4, 0xb5, 0xa4, 0xb1, 0xb8, 0xae, 0xad, 0xa4, 0xef, 0xab, 0xae, 0xb5, 0xa4, 0xb2, 0xf3, 0xf4,
                    0xb3, 0xa7, 0xa8, 0xb2, 0xef, 0xb3, 0xae, 0xb6, 0xad, 0xcf, 0xF3, 0xF7, 0xFF},
        //0x0003D0AB
        //09 09 18 EF 74 56 91 78 6E 19 EF 0C 49 12 F0 19 39 28 1E 18 EF 1A 13 11 05 26 F0 24 06 13 EF 09 04 27 44 EF 11 07 26 29 0F F0 0A 20 0A 15 EF 12 06 0B 0F EF 7A 9A 86 63 41 25 F3 F4
        //24 06 23 EF 09 04 27 37 EF 7A 9A 86 63 18 F0 3C 01 27 35 02 15 EF 44 06 28 1D 45 F0 09 09 19 EF 0A 20 01 36 12 09 13 0A CF F3 F7 FF 
        //ここの ユキダルマは すべて{F0}はぐるまの ひとつから{F0}ゆきと こおりで つくられた{F0}さむさに てきした ロボットだよ{F3}{F4}ゆきや こおりが ロボットの{F0}
        //ざいりょうに できるほど{F0}ここは さむいってことさ!{F3}{F7}
        //All the snowmen here are robots made from snow and ice! It shows how cold it is that snow and ice can be used as robot materials!
        (uint8_t[]){0xa0, 0xab, 0xab, 0xef, 0xb3, 0xa7, 0xa4, 0xef, 0xb2, 0xad, 0xae, 0xb6, 0xac, 0xa4, 0xad, 0xf0,
                    0xa7, 0xa4, 0xb1, 0xa4, 0xef, 0xa0, 0xb1, 0xa4, 0xef, 0xb1, 0xae, 0xa1, 0xae, 0xb3, 0xb2, 0xf3, 0xf4,
                    0xac, 0xa0, 0xa3, 0xa4, 0xef, 0xa5, 0xb1, 0xae, 0xac, 0xef, 0xb2, 0xad, 0xae, 0xb6, 0xef, 0xa0, 0xad, 0xa3,
                    0xa8, 0xa2, 0xa4, 0xcf, 0xef, 0xa8, 0xb3, 0xef, 0xb2, 0xa7, 0xae, 0xb6, 0xb2, 0xef, 0xa7, 0xae, 0xb6, 0xf3, 0xf4,
                    0xa2, 0xae, 0xab, 0xa3, 0xef, 0xa8, 0xb3, 0xef, 0xa8, 0xb2, 0xef, 0xb3, 0xa7, 0xa0, 0xb3, 0xf0,
                    0xb2, 0xad, 0xae, 0xb6, 0xef, 0xa0, 0xad, 0xa3, 0xef, 0xa8, 0xa2, 0xa4, 0xef, 0xa2, 0xa0, 0xad, 0xf3, 0xf4,
                    0xa1, 0xa4, 0xef, 0xb4, 0xb2, 0xa4, 0xa3, 0xef, 0xa0, 0xb2, 0xef, 0xb1, 0xae, 0xa1, 0xae, 0xb3, 0xf0,
                    0xac, 0xa0, 0xb3, 0xa4, 0xb1, 0xa8, 0xa0, 0xab, 0xb2, 0xcf, 0xF3, 0xF7, 0xFF},
        //0x0003D113
        //04 04 06 14 EF 06 37 F0 0F 07 0A 2D EF 00 28 05 26 F0 0C 1F 3B 09 10 22 EF 01 01 17 CF F0 1B 48 06 18 EF 25 28 44 22 F0 04 04 06 14 EF 06 37 EF 0A 20 0A 05 26 F0
        //2B 0F 0B 0F 10 2C EF 1E 22 36 12 F0 07 29 28 2D 41 22 18 CF F3 F7 FF 
        //おおきな きが{F0}たくさん あるから{F0}すみごこちも いいね!{F0}ふぶきの よるでも{F0}おおきな きが さむさから{F0}わたしたちを まもって{F0}くれるんだもの!{F3}{F7}
        //With all these big trees, it's a wonderful place to live! On blizzard nights, they protect us from the cold!
        (uint8_t[]){0xb6, 0xa8, 0xb3, 0xa7, 0xef, 0xa0, 0xab, 0xab, 0xef, 0xb3, 0xa7, 0xa4, 0xb2, 0xa4, 0xef, 0xa1, 0xa8, 0xa6,
                    0xb3, 0xb1, 0xa4, 0xa4, 0xb2, 0xd9, 0xef, 0xa8, 0xb3, 0xdc, 0xb2, 0xef, 0xa0, 0xf3, 0xf4,
                    0xb6, 0xae, 0xad, 0xa3, 0xa4, 0xb1, 0xa5, 0xb4, 0xab, 0xef, 0xaf, 0xab, 0xa0, 0xa2, 0xa4, 0xef, 0xb3, 0xae,
                    0xab, 0xa8, 0xb5, 0xa4, 0xcf, 0xef, 0xae, 0xad, 0xef, 0xa1, 0xab, 0xa8, 0xb9, 0xb9, 0xa0, 0xb1, 0xa3, 0xf3, 0xf4,
                    0xad, 0xa8, 0xa6, 0xa7, 0xb3, 0xb2, 0xd9, 0xef, 0xb3, 0xa7, 0xa4, 0xb8, 0xf0,
                    0xaf, 0xb1, 0xae, 0xb3, 0xa4, 0xa2, 0xb3, 0xef, 0xb4, 0xb2, 0xef, 0xa5, 0xb1, 0xae, 0xac, 0xf3, 0xf4,
                    0xb3, 0xa7, 0xa4, 0xef, 0xa2, 0xae, 0xab, 0xa3, 0xcf, 0xF3, 0xF7, 0xFF},
        //0x0003D160
        //04 29 18 EF 14 19 EF 59 5A 86 57 CF F0 1D 09 27 0F 05 06 EF 5C 68 CB 5F 52 7D 18 F0 3D 34 02 15 2D 41 CF F3 F4 1F 0D 19 EF 09 09 0B 05 EF 14 01 37 F0
        //45 29 22 EF 04 05 01 45 07 EF 14 18 41 CF F3 F7 FF 
        //おれの なは コサック!{F0}ほこりたかき スノ-タウンの{F0}じゅうにんだ!{F3}{F4}みせは ここしか ないが{F0}どれも おかいどく なのだ!{F3}{F7}
        //I'm Cossack, a proud Glacia resident! There aren't any other shops here, but the ones we have are worth every $!
        (uint8_t[]){0xa8, 0xdc, 0xac, 0xef, 0xa2, 0xae, 0xb2, 0xb2, 0xa0, 0xa2, 0xaa, 0xd9, 0xef, 0xa0, 0xf0,
                    0xaf, 0xb1, 0xae, 0xb4, 0xa3, 0xef, 0xa6, 0xab, 0xa0, 0xa2, 0xa8, 0xa0, 0xf3, 0xf4,
                    0xb1, 0xa4, 0xb2, 0xa8, 0xa3, 0xa4, 0xad, 0xb3, 0xcf, 0xef, 0xb3, 0xa7, 0xa4, 0xb1, 0xa4, 0xf0,
                    0xa0, 0xb1, 0xa4, 0xad, 0xdc, 0xb3, 0xef, 0xa0, 0xad, 0xb8, 0xef, 0xae, 0xb3, 0xa7, 0xa4, 0xb1, 0xf3, 0xf4,
                    0xb2, 0xa7, 0xae, 0xaf, 0xb2, 0xef, 0xa7, 0xa4, 0xb1, 0xa4, 0xd9, 0xef, 0xa1, 0xb4, 0xb3, 0xf0,
                    0xb3, 0xa7, 0xa4, 0xef, 0xae, 0xad, 0xa4, 0xb2, 0xef, 0xb6, 0xa4, 0xef, 0xa7, 0xa0, 0xb5, 0xa4, 0xf3, 0xf4,
                    0xa0, 0xb1, 0xa4, 0xef, 0xb6, 0xae, 0xb1, 0xb3, 0xa7, 0xef, 0xa4, 0xb5, 0xa4, 0xb1, 0xb8, 0xef, 0xe2, 0xcf, 0xF3, 0xF7, 0xFF},
        //0x0003D1A3
        //27 34 02 1A 35 02 15 EF 18 36 12 F0 4E 2D 38 2D 37 EF 23 36 12 07 28 EF 13 0B 19 F0 0A 05 14 22 EF 0F 07 0A 2D EF 13 29 28 2D 41 CF F3 F4
        //2B 0F 0B 19 EF 0A 05 14 2C EF 13 28 EF 0B 3B 13 15 F0 05 05 2B 36 12 01 28 05 26 EF 45 02 48 11 18 F0 09 02 45 02 15 19 EF 47 2D 05 2D 15 EF 14 28 17 CF F0 F3 F7 FF 
        //りゅうひょうに のって{F0}ぺんぎんが やってくる としは{F0}さかなも たくさん とれるんだ!{F3}{F4}わたしは さかなを とる しごとに{F0}かかわっているから どうぶつの{F0}
        //こうどうには びんかんに なるね!{F0}{F3}{F7}
        //When penguins come on the drifting ice, we get a big catch! I'm a fisherman, so I'm sensitive to animal behavior!
        (uint8_t[]){0xb6, 0xa7, 0xa4, 0xad, 0xef, 0xaf, 0xa4, 0xad, 0xa6, 0xb4, 0xa8, 0xad, 0xb2, 0xef, 0xa2, 0xae, 0xac, 0xa4,
                    0xae, 0xad, 0xef, 0xb3, 0xa7, 0xa4, 0xef, 0xa3, 0xb1, 0xa8, 0xa5, 0xb3, 0xa8, 0xad, 0xa6, 0xf3, 0xf4,
                    0xa8, 0xa2, 0xa4, 0xd9, 0xef, 0xb6, 0xa4, 0xef, 0xa6, 0xa4, 0xb3, 0xef, 0xa0, 0xef, 0xa1, 0xa8, 0xa6, 0xf0,
                    0xa2, 0xa0, 0xb3, 0xa2, 0xa7, 0xcf, 0xef, 0xa8, 0xdc, 0xac, 0xef, 0xa0, 0xf3, 0xf4,
                    0xa5, 0xa8, 0xb2, 0xa7, 0xa4, 0xb1, 0xac, 0xa0, 0xad, 0xd9, 0xef, 0xb2, 0xae, 0xef, 0xa8, 0xdc, 0xac, 0xf0,
                    0xb2, 0xa4, 0xad, 0xb2, 0xa8, 0xb3, 0xa8, 0xb5, 0xa4, 0xef, 0xb3, 0xae, 0xf3, 0xf4,
                    0xa0, 0xad, 0xa8, 0xac, 0xa0, 0xab, 0xef, 0xa1, 0xa4, 0xa7, 0xa0, 0xb5, 0xa8, 0xae, 0xb1, 0xcf, 0xF3, 0xF7, 0xFF},
        //0x0003D208
        //09 09 19 EF 00 28 05 0F 18 EF 49 36 0E 02 44 0C F0 0B 3E 05 14 EF 0D 01 05 11 2C EF 04 18 40 1F 14 18 44 04 14 1E 03 2C EF 04 0B 03 28 09 13 19 F0 44 06 1E 0D 2D F3 F4
        //D5 D5 D5 D5 22 36 13 22 BA 21 36 0F 15 F0 01 26 36 0B 33 26 14 01 18 44 F0 1D 13 2D 45 EF 2B 0F 0B 18 F0 01 03 18 EF 25 02 44 0C 08 45 17 F3 F7 FF 
        //ここは あるかたの べっそうです{F0}しずかな せいかつを おのぞみなのでおなまえを おしえることは{F0}できません{F3}{F4}・・・・
        //もっとも、めったに{F0}いらっしゃらないので{F0}ほとんど わたしの{F0}いえの ようですけどね{F3}{F7}
        //This is someone's vacation home. They prefer a quiet life, so I can't tell you their name} They rarely come, so it's almost like my own place, really.
        (uint8_t[]){0xb3, 0xa7, 0xa8, 0xb2, 0xef, 0xa8, 0xb2, 0xef, 0xb2, 0xae, 0xac, 0xa4, 0xae, 0xad, 0xa4, 0xdc, 0xb2, 0xf0,
                    0xb5, 0xa0, 0xa2, 0xa0, 0xb3, 0xa8, 0xae, 0xad, 0xef, 0xa7, 0xae, 0xac, 0xa4, 0xda, 0xf3, 0xf4,
                    0xb3, 0xa7, 0xa4, 0xb8, 0xef, 0xaf, 0xb1, 0xa4, 0xa5, 0xa4, 0xb1, 0xef, 0xa0, 0xf0,
                    0xb0, 0xb4, 0xa8, 0xa4, 0xb3, 0xef, 0xab, 0xa8, 0xa5, 0xa4, 0xd9, 0xef, 0xb2, 0xae, 0xef, 0xa8, 0xf3, 0xf4,
                    0xa2, 0xa0, 0xad, 0xdc, 0xb3, 0xef, 0xb3, 0xa4, 0xab, 0xab, 0xef, 0xb8, 0xae, 0xb4, 0xf0,
                    0xb3, 0xa7, 0xa4, 0xa8, 0xb1, 0xef, 0xad, 0xa0, 0xac, 0xa4, 0xe4, 0xef, 0xb3, 0xa7, 0xa4, 0xb8, 0xf3, 0xf4,
                    0xb1, 0xa0, 0xb1, 0xa4, 0xab, 0xb8, 0xef, 0xa2, 0xae, 0xac, 0xa4, 0xd9, 0xef, 0xb2, 0xae, 0xf0,
                    0xa8, 0xb3, 0xdc, 0xb2, 0xef, 0xa0, 0xab, 0xac, 0xae, 0xb2, 0xb3, 0xef, 0xab, 0xa8, 0xaa, 0xa4, 0xf3, 0xf4,
                    0xac, 0xb8, 0xef, 0xae, 0xb6, 0xad, 0xef, 0xaf, 0xab, 0xa0, 0xa2, 0xa4, 0xd9, 0xf0,
                    0xb1, 0xa4, 0xa0, 0xab, 0xab, 0xb8, 0xda, 0xF3, 0xF7, 0xFF},
        //0x0003D271
        //00 36 0F 05 01 EF 5B 60 84 CB 37 F0 0F 49 0F 01 14 00 D5 D5 D5 CF F0 09 09 18 EF 0A 20 0A 19 F0 1D 17 37 EF 09 04 28 25 02 41 22 18 F3 F7 FF 
        //あったかい シチュ-が{F0}たべたいなあ・・・!{F0}ここの さむさは{F0}ほねが こおるようだもの{F3}{F7}
        //I'd love some warm stew} The cold here chills you to the bone.
        (uint8_t[]){0xa8, 0xdc, 0xa3, 0xef, 0xab, 0xae, 0xb5, 0xa4, 0xef, 0xb2, 0xae, 0xac, 0xa4, 0xef, 0xb6, 0xa0, 0xb1, 0xac,
                    0xb2, 0xb3, 0xa4, 0xb6, 0xe4, 0xef, 0xb3, 0xa7, 0xa4, 0xef, 0xa2, 0xae, 0xab, 0xa3, 0xf3, 0xf4,
                    0xa7, 0xa4, 0xb1, 0xa4, 0xef, 0xa2, 0xa7, 0xa8, 0xab, 0xab, 0xb2, 0xef, 0xb8, 0xae, 0xb4, 0xef, 0xb3, 0xae,
                    0xb3, 0xa7, 0xa4, 0xef, 0xa1, 0xae, 0xad, 0xa4, 0xda, 0xF3, 0xF7, 0xFF},
        //0x0003D2A0
        //0B 2D 0D 2D 14 EF 23 0A 01 2C F0 12 15 01 29 28 18 37 EF 0F 01 1C 2D 41 08 45 F0 27 35 02 27 18 EF 02 44 14 26 F0 1E 05 0D 12 EF 10 35 02 41 01 CF F3 F7 FF 
        //しんせんな やさいを{F0}てにいれるのが たいへんだけど{F0}りょうりの うでなら{F0}まかせて ちょうだい!{F3}{F7}
        //Fresh veggies are hard to come by, but when it comes to cooking, you can still count on me!
        (uint8_t[]){0xa5, 0xb1, 0xa4, 0xb2, 0xa7, 0xef, 0xb5, 0xa4, 0xa6, 0xa6, 0xa8, 0xa4, 0xb2, 0xef, 0xa0, 0xb1, 0xa4, 0xf0,
                    0xa7, 0xa0, 0xb1, 0xa3, 0xef, 0xb3, 0xae, 0xef, 0xa2, 0xae, 0xac, 0xa4, 0xef, 0xa1, 0xb8, 0xd9, 0xf3, 0xf4,
                    0xa1, 0xb4, 0xb3, 0xef, 0xb6, 0xa7, 0xa4, 0xad, 0xef, 0xa8, 0xb3, 0xef, 0xa2, 0xae, 0xac, 0xa4, 0xb2, 0xf0,
                    0xb3, 0xae, 0xef, 0xa2, 0xae, 0xae, 0xaa, 0xa8, 0xad, 0xa6, 0xd9, 0xef, 0xb8, 0xae, 0xb4, 0xf3, 0xf4,
                    0xa2, 0xa0, 0xad, 0xef, 0xb2, 0xb3, 0xa8, 0xab, 0xab, 0xef, 0xa2, 0xae, 0xb4, 0xad, 0xb3, 0xef, 0xae, 0xad,
                    0xac, 0xa4, 0xcf, 0xF3, 0xF7, 0xFF},
        // --- Signs ---
        //0x0003D2D4
        //0F 01 05 01 EF 05 01 3D 35 02 EF 1C F0 09 09 2C EF 1A 41 27 F3 F7 FF 
        //たいかい かいじょう へ{F0}ここを ひだり{F3}{F7}
        //Contest venue
        (uint8_t[]){0xa2, 0xae, 0xad, 0xb3, 0xa4, 0xb2, 0xb3, 0xef, 0xb5, 0xa4, 0xad, 0xb4, 0xa4, 0xF3, 0xF7, 0xFF},
        //0x0003D2EB
        //08 01 3D 46 2D 44 EF 01 26 01 2C F0 0A 37 0C EF 1A 2A 46 F3 F7 FF 
        //けいじばんで いらいを{F0}さがす ひろば{F3}{F7}
        //Request Plaza <check the board>
        (uint8_t[]){0xb1, 0xa4, 0xb0, 0xb4, 0xa4, 0xb2, 0xb3, 0xef, 0xaf, 0xab, 0xa0, 0xb9, 0xa0, 0xf0,
                    0xd0, 0xa2, 0xa7, 0xa4, 0xa2, 0xaa, 0xef, 0xb3, 0xa7, 0xa4, 0xef, 0xa1, 0xae, 0xa0, 0xb1, 0xa3, 0xd1, 0xF3, 0xF7, 0xFF},
        //0x0003D301
        //47 35 02 01 2D EF 1C F0 09 09 2C EF 1A 41 27 F3 F7 FF 
        //びょういん へ{F0}ここを ひだり{F3}{F7}
        //Hospital
        (uint8_t[]){0xd3, 0xef, 0xa7, 0xae, 0xb2, 0xaf, 0xa8, 0xb3, 0xa0, 0xab, 0xF3, 0xF7, 0xFF},
        //0x0003D313
        //77 9A 7D 5F 52 7D EF 44 39 10 F3 F7 FF 
        //リボンタウン でぐち{F3}{F7}
        //Taenia exit
        (uint8_t[]){0xb3, 0xa0, 0xa4, 0xad, 0xa8, 0xa0, 0xef, 0xa4, 0xb7, 0xa8, 0xb3, 0xF3, 0xF7, 0xFF},
        //0x0003D320
        //0B 35 02 12 2D 37 01 EF 1C F0 1E 36 0C 39 EF 0B 0F F3 F7 FF 
        //しょうてんがい へ{F0}まっすぐ した{F3}{F7}
        //Shopping district
        (uint8_t[]){0xdd, 0xf0,
                    0xb2, 0xa7, 0xae, 0xaf, 0xaf, 0xa8, 0xad, 0xa6, 0xef, 0xa3, 0xa8, 0xb2, 0xb3, 0xb1, 0xa8, 0xa2, 0xb3, 0xF3, 0xF7, 0xFF},
        //0x0003D334
        //77 9A 7D 5F 52 7D 18 EF 1A 09 02 3D 35 02 F0 03 01 38 35 02 19 EF 25 28 C9 3D EF 1E 44 F3 F7 FF 
        //リボンタウンの ひこうじょう{F0}えいぎょうは よる9じ まで{F3}{F7}
        //Taenia airport. <Open untill 9PM>
        (uint8_t[]){0xb3, 0xa0, 0xa4, 0xad, 0xa8, 0xa0, 0xef, 0xa0, 0xa8, 0xb1, 0xaf, 0xae, 0xb1, 0xb3, 0xf0,
                    0xd0, 0xae, 0xaf, 0xa4, 0xad, 0xef, 0xb4, 0xad, 0xb3, 0xa8, 0xab, 0xab, 0xef, 0xc9, 0xe1, 0xd1, 0xF3, 0xF7, 0xFF},
        //0x0003D354
        //D0 0B 35 02 12 2D 37 01 D1 F0 5C CB 9B CB 44 EF 05 01 22 18 37 EF 44 06 28 F0 77 5A 51 57 78 5B 85 86 9D 44 19 F0 22 36 12 01 28 22 18 2C EF 02 28 09 13 22 F0 44 06 28 F3 F7 FF 
        //『しょうてんがい』{F0}ス-パ-で かいものが できる{F0}リサイクルショップでは{F0}もっているものを うることも{F0}できる{F3}{F7}
        //Shopping District <Buy at the supermarket. Sell at the recycle.>
        (uint8_t[]){0xb2, 0xa7, 0xae, 0xaf, 0xaf, 0xa8, 0xad, 0xa6, 0xef, 0xa3, 0xa8, 0xb2, 0xb3, 0xb1, 0xa8, 0xa2, 0xb3, 0xf0,
                    0xd0, 0xa1, 0xb4, 0xb8, 0xef, 0xa0, 0xb3, 0xef, 0xb3, 0xa7, 0xa4, 0xf3, 0xf4,
                    0xb2, 0xb4, 0xaf, 0xa4, 0xb1, 0xac, 0xa0, 0xb1, 0xaa, 0xa4, 0xb3, 0xda, 0xef, 0xb2, 0xa4, 0xab, 0xab, 0xf0,
                    0xa0, 0xb3, 0xef, 0xb3, 0xa7, 0xa4, 0xef, 0xb1, 0xa4, 0xa2, 0xb8, 0xa2, 0xab, 0xa4, 0xda, 0xd1, 0xF3, 0xF7, 0xFF},
        //0x0003D38F
        //5C CB 9B CB EF 18 EF 0B 14 40 2A 03 19 F0 1E 10 15 25 36 12 EF 09 13 14 28 F3 F7 FF 
        //ス-パ- の しなぞろえは{F0}まちによって ことなる{F3}{F7}
        //Supermarket stock varies by town.
        (uint8_t[]){0xb2, 0xb4, 0xaf, 0xa4, 0xb1, 0xac, 0xa0, 0xb1, 0xaa, 0xa4, 0xb3, 0xef, 0xb2, 0xb3, 0xae, 0xa2, 0xaa, 0xf0,
                    0xb5, 0xa0, 0xb1, 0xa8, 0xa4, 0xb2, 0xef, 0xa1, 0xb8, 0xef, 0xb3, 0xae, 0xb6, 0xad, 0xda, 0xF3, 0xF7, 0xFF},
        //0x0003D3AB
        //77 5A 51 57 78 5B 85 86 9D EF 44 19 F0 21 3E 26 0B 01 EF 0B 14 22 18 2C F0 02 27 15 EF 41 0B 12 01 28 F3 F7 FF 
        //リサイクルショップ では{F0}めずらしい しなものを{F0}うりに だしている{F3}{F7}
        //The recycle shop sells rare items.
        (uint8_t[]){0xb3, 0xa7, 0xa4, 0xef, 0xb1, 0xa4, 0xa2, 0xb8, 0xa2, 0xab, 0xa4, 0xef, 0xb2, 0xa7, 0xae, 0xaf, 0xf0,
                    0xb2, 0xa4, 0xab, 0xab, 0xb2, 0xef, 0xb1, 0xa0, 0xb1, 0xa4, 0xef, 0xa8, 0xb3, 0xa4, 0xac, 0xb2, 0xda, 0xF3, 0xF7, 0xFF},
        //0x0003D3D0
        //45 02 48 11 22 EF 15 2D 3A 2D 22 F0 27 35 02 1D 02 EF 1F 12 07 29 28 F0 21 3E 26 0B 01 EF 47 35 02 01 2D F3 F7 FF 
        //どうぶつも にんげんも{F0}りょうほう みてくれる{F0}めずらしい びょういん{F3}{F7}
        //A rare hospital treating both pets and humans.
        (uint8_t[]){0xa0, 0xef, 0xb1, 0xa0, 0xb1, 0xa4, 0xef, 0xa7, 0xae, 0xb2, 0xaf, 0xa8, 0xb3, 0xa0, 0xab, 0xf0,
                    0xb3, 0xb1, 0xa4, 0xa0, 0xb3, 0xa8, 0xad, 0xa6, 0xef, 0xa1, 0xae, 0xb3, 0xa7, 0xf3, 0xf4,
                    0xaf, 0xa4, 0xb3, 0xb2, 0xef, 0xa0, 0xad, 0xa3, 0xef, 0xa7, 0xb4, 0xac, 0xa0, 0xad, 0xb2, 0xda, 0xF3, 0xF7, 0xFF},
        //0x0003D3F6
        //0F 01 05 01 EF 01 27 39 10 F0 01 36 0B 34 02 05 2D EF 15 EF 01 36 05 01 F0 C4 11 18 EF 06 35 02 38 37 EF 06 0E 2B 29 28 F3 F7 FF 
        //たいかい いりぐち{F0}いっしゅうかん に いっかい{F0}4つの きょうぎが きそわれる{F3}{F7}
        //Contest entrance. Once a week, 4 events are held.
        (uint8_t[]){0xa2, 0xae, 0xad, 0xb3, 0xa4, 0xb2, 0xb3, 0xef, 0xa4, 0xad, 0xb3, 0xb1, 0xa0, 0xad, 0xa2, 0xa4, 0xda, 0xf0,
                    0xae, 0xad, 0xa2, 0xa4, 0xef, 0xa0, 0xef, 0xb6, 0xa4, 0xa4, 0xaa, 0xd9, 0xef, 0xc4, 0xf3, 0xf4,
                    0xa4, 0xb5, 0xa4, 0xad, 0xb3, 0xb2, 0xef, 0xa0, 0xb1, 0xa4, 0xef, 0xa7, 0xa4, 0xab, 0xa3, 0xda, 0xF3, 0xF7, 0xFF},
        //0x0003D421
        //1A 41 27 EF 77 9A 7D 5F 52 7D EF 44 39 10 F0 0B 0F EF 47 35 02 01 2D 1C F3 F7 FF 
        //ひだり リボンタウン でぐち{F0}した びょういんへ{F3}{F7}
        //L Taenia Exit U Hospital
        (uint8_t[]){0xd3, 0xef, 0xb3, 0xa0, 0xa4, 0xad, 0xa8, 0xa0, 0xef, 0xa4, 0xb7, 0xa8, 0xb3, 0xf0,
                    0xd6, 0xef, 0xa7, 0xae, 0xb2, 0xaf, 0xa8, 0xb3, 0xa0, 0xab, 0xF3, 0xF7, 0xFF},
        //0x0003D43C
        //89 77 CB 7D 5F 52 7D EF 44 39 10 F3 F7 FF 
        //グリ-ンタウン でぐち{F3}{F7}
        //Verdant exit
        (uint8_t[]){0xb5, 0xa4, 0xb1, 0xa3, 0xa0, 0xad, 0xb3, 0xef, 0xa4, 0xb7, 0xa8, 0xb3, 0xF3, 0xF7, 0xFF},
        //0x0003D44A
        //1A 09 02 3D 35 02 EF 1C F3 F7 FF 
        //ひこうじょう へ{F3}{F7}
        //To the airport
        (uint8_t[]){0xb3, 0xae, 0xef, 0xb3, 0xa7, 0xa4, 0xef, 0xa0, 0xa8, 0xb1, 0xaf, 0xae, 0xb1, 0xb3, 0xF3, 0xF7, 0xFF},
        //0x0003D455
        //89 77 CB 7D 5F 52 7D 18 EF 1A 09 02 3D 35 02 F0 03 01 38 35 02 19 EF 25 28 C9 3D EF 1E 44 F3 F7 FF 
        //グリ-ンタウンの ひこうじょう{F0}えいぎょうは よる9じ まで{F3}{F7}
        //Verdant airport <open until 9PM>
        (uint8_t[]){0xb5, 0xa4, 0xb1, 0xa3, 0xa0, 0xad, 0xb3, 0xef, 0xa0, 0xa8, 0xb1, 0xaf, 0xae, 0xb1, 0xb3, 0xf0,
                    0xd0, 0xae, 0xaf, 0xa4, 0xad, 0xef, 0xb4, 0xad, 0xb3, 0xa8, 0xab, 0xef, 0xc9, 0xe1, 0xd1, 0xF3, 0xF7, 0xFF},
        //0x0003D476
        //89 77 CB 7D 5F 52 7D EF 10 34 02 0B 2D 48 EF 1C F3 F7 FF 
        //グリ-ンタウン ちゅうしんぶ へ{F3}{F7}
        //To Verdant center
        (uint8_t[]){0xb3, 0xae, 0xef, 0xb5, 0xa4, 0xb1, 0xa3, 0xa0, 0xad, 0xb3, 0xef, 0xa2, 0xa4, 0xad, 0xb3, 0xa4, 0xb1, 0xF3, 0xF7, 0xFF},
        //0x0003D489
        //27 34 02 1A 35 02 18 EF 02 05 48 EF 06 0F 18 EF 02 1F D0 55 56 7D 59 EF 05 01 D1 37 F0 19 12 0B 14 07 EF 1A 2A 37 36 12 01 28 F3 F7 FF 
        //りゅうひょうの うかぶ きたの うみ『カキンコ かい』が{F0}はてしなく ひろがっている{F3}{F7}
        //To the north lies the endless drifting ice sea - the "Kakinko Sea"
        (uint8_t[]){0xb3, 0xae, 0xef, 0xb3, 0xa7, 0xa4, 0xef, 0xad, 0xae, 0xb1, 0xb3, 0xa7, 0xef, 0xab, 0xa8, 0xa4, 0xb2, 0xf0,
                    0xb3, 0xa7, 0xa4, 0xef, 0xa4, 0xad, 0xa3, 0xab, 0xa4, 0xb2, 0xb2, 0xf3, 0xf4,
                    0xa3, 0xb1, 0xa8, 0xa5, 0xb3, 0xa8, 0xad, 0xa6, 0xef, 0xa8, 0xa2, 0xa4, 0xef, 0xb2, 0xa4, 0xa0, 0xda, 0xf0,
                    0xb3, 0xa7, 0xa4, 0xef, 0xbc, 0xaa, 0xa0, 0xaa, 0xa8, 0xad, 0xaa, 0xae, 0xef, 0xb2, 0xa4, 0xa0, 0xbc, 0xF3, 0xF7, 0xFF},
        //0x0003D4B6
        //5C 68 CB 5F 52 7D EF 44 39 10 F3 F7 FF 
        //Glacia exit{F3}{F7} | 
        (uint8_t[]){0xa6, 0xab, 0xa0, 0xa2, 0xa8, 0xa0, 0xef, 0xa4, 0xb7, 0xa8, 0xb3, 0xF3, 0xF7, 0xFF},
        //0x0003D4C3
        //5C 68 CB 5F 52 7D EF 1A 09 02 3D 35 02 F0 03 01 38 35 02 19 EF 25 28 C9 3D EF 1E 44 F3 F7 FF 
        //スノ-タウン ひこうじょう{F0}えいぎょうは よる9じ まで{F3}{F7}
        //Glacia airport <open until 9PM>
        (uint8_t[]){0xa6, 0xab, 0xa0, 0xa2, 0xa8, 0xa0, 0xef, 0xa0, 0xa8, 0xb1, 0xaf, 0xae, 0xb1, 0xb3, 0xf0,
                    0xd0, 0xae, 0xaf, 0xa4, 0xad, 0xef, 0xb4, 0xad, 0xb3, 0xa8, 0xab, 0xef, 0xc9, 0xaf, 0xac, 0xd1, 0xF3, 0xF7, 0xFF},
        //0x0003D4E2
        //96 64 64 5F 52 7D EF 44 39 10 F3 F7 FF 
        //バナナタウン でぐち{F3}{F7}
        //Ramila exit
        (uint8_t[]){0xb1, 0xa0, 0xac, 0xa8, 0xab, 0xa0, 0xef, 0xa4, 0xb7, 0xa8, 0xb3, 0xF3, 0xF7, 0xFF},
        //0x0003D4EF
        //96 64 64 5F 52 7D EF 1A 09 02 3D 35 02 F0 03 01 38 35 02 19 EF 25 28 C9 3D EF 1E 44 F3 F7 FF 
        //バナナタウン ひこうじょう{F0}えいぎょうは よる9じ まで{F3}{F7}
        //Ramila airport <open until 9PM>
        (uint8_t[]){0xb1, 0xa0, 0xac, 0xa8, 0xab, 0xa0, 0xef, 0xa0, 0xa8, 0xb1, 0xaf, 0xae, 0xb1, 0xb3, 0xf0,
                    0xd0, 0xae, 0xaf, 0xa4, 0xad, 0xef, 0xb4, 0xad, 0xb3, 0xa8, 0xab, 0xef, 0xc9, 0xaf, 0xac, 0xd1, 0xF3, 0xF7, 0xFF},
        //0x0003D50E
        //1A 09 02 3D 35 02 EF 02 03 F3 F7 FF 
        //ひこうじょう うえ{F3}{F7}
        //To the airport
        (uint8_t[]){0xb3, 0xae, 0xef, 0xb3, 0xa7, 0xa4, 0xef, 0xa0, 0xa8, 0xb1, 0xaf, 0xae, 0xb1, 0xb3, 0xF3, 0xF7, 0xFF},
        //0x0003D51A
        //D0 0A 3C 14 1F EF 2B 2D D1 F0 09 09 05 26 1F 28 EF 24 02 23 08 19 F0 01 06 2C 18 20 1D 45 EF 02 11 07 0B 01 F3 F7 FF 
        //『さざなみ わん』{F0}ここからみる ゆうやけは{F0}いきをのむほど うつくしい{F3}{F7}
        //Ripple Bay <the sunset here is breathtaking>
        (uint8_t[]){0xb1, 0xa8, 0xaf, 0xaf, 0xab, 0xa4, 0xef, 0xa1, 0xa0, 0xb8, 0xf0,
                    0xd0, 0xb3, 0xa7, 0xa4, 0xef, 0xb2, 0xb4, 0xad, 0xb2, 0xa4, 0xb3, 0xef, 0xa7, 0xa4, 0xb1, 0xa4, 0xf3, 0xf4,
                    0xa8, 0xb2, 0xef, 0xa1, 0xb1, 0xa4, 0xa0, 0xb3, 0xa7, 0xb3, 0xa0, 0xaa, 0xa8, 0xad, 0xa6, 0xd1, 0xF3, 0xF7, 0xFF},
        //0x0003D541
        //D0 12 01 03 2D EF 1A 2A 46 D1 F0 3D 34 02 1F 2D EF 3B 3D 1E 2D 18 F0 12 01 29 18 EF 24 06 13 45 01 0F F0 02 11 07 0B 01 EF 12 01 03 2D F3 F7 FF 
        //『ていえん ひろば』{F0}じゅうみん ごじまんの{F0}ていれの ゆきとどいた{F0}うつくしい ていえん{F3}{F7}
        //Courtyard Square <Beautifull garden>
        (uint8_t[]){0xa2, 0xae, 0xb4, 0xb1, 0xb3, 0xb8, 0xa0, 0xb1, 0xa3, 0xef, 0xb2, 0xb0, 0xb4, 0xa0, 0xb1, 0xa4, 0xf0,
                    0xd0, 0xa1, 0xa4, 0xa0, 0xb4, 0xb3, 0xa8, 0xa5, 0xb4, 0xab, 0xab, 0xf3, 0xf4,
                    0xa6, 0xa0, 0xb1, 0xa3, 0xa4, 0xad, 0xd1, 0xF3, 0xF7, 0xFF},
        //0x0003D571
        //77 86 60 5F 52 7D EF 44 39 10 F3 F7 FF 
        //リッチタウン でぐち{F3}{F7}
        //Aurum exit
        (uint8_t[]){0xa0, 0xb4, 0xb1, 0xb4, 0xac, 0xef, 0xa4, 0xb7, 0xa8, 0xb3, 0xF3, 0xF7, 0xFF},
        //0x0003D57E
        //10 35 21 01 14 EF 0B 35 07 48 11 EF 37 07 0B 33 F0 9D 76 7D 61 19 05 0D EF 18 EF 12 01 0F 07 F3 F7 FF 
        //ちょめいな しょくぶつ がくしゃ{F0}プランツはかせ の ていたく{F3}{F7}
        //Prof. Plants residence
        (uint8_t[]){0xaf, 0xb1, 0xae, 0xa5, 0xda, 0xef, 0xaf, 0xab, 0xa0, 0xad, 0xb3, 0xb2, 0xf0,
                    0xb1, 0xa4, 0xb2, 0xa8, 0xa3, 0xa4, 0xad, 0xa2, 0xa4, 0xF3, 0xF7, 0xFF},
        //0x0003D5A0
        //77 86 60 5F 52 7D EF 1A 09 02 3D 35 02 F0 03 01 38 35 02 19 EF 25 28 C9 3D EF 1E 44 F3 F7 FF 
        //リッチタウン ひこうじょう{F0}えいぎょうは よる9じ まで{F3}{F7}
        //Opulance airport <open until 9PM>
        (uint8_t[]){0xae, 0xaf, 0xb4, 0xab, 0xa0, 0xad, 0xa2, 0xa4, 0xef, 0xa0, 0xa8, 0xb1, 0xaf, 0xae, 0xb1, 0xb3, 0xf0,
                    0xd0, 0xae, 0xaf, 0xa4, 0xad, 0xef, 0xb4, 0xad, 0xb3, 0xa8, 0xab, 0xef, 0xc9, 0xaf, 0xac, 0xd1, 0xF3, 0xF7, 0xFF},
        //--- Suke ---
        //0x0003D5BF
        //56 84 D5 56 84 CB CF EF 56 85 52 69 F0 D0 0F 01 05 01 D1 EF 87 EF 55 51 5A 51 F0 5A 79 78 7D 91 EF 56 84 CB CF F0 50 61 51 8F EF 50 61 51 8F CF F0
        //1B 2E 01 12 2F 2D 39 EF 0C 4C 27 36 13 CF CF F0 72 53 50 87 86 62 EF 56 84 CB CF CF CF CF F3 F7 FF 
        //キュ・キュ-! キョウハ{F0}『たいかい』 ガ カイサイ{F0}サレルンダ キュ-!{F0}アツイゼ アツイゼ!{F0}ふぁいてぃんぐ すぴりっと!!{F0}モエアガッテ キュ-!!!!{F3}{F7}
        //Kyu, Kyu! The contests start today, kyu! It's hot! Fighting spirit! Burn with passion, kyu!
        (uint8_t[]){0xaa, 0xb8, 0xb4, 0xd9, 0xef, 0xaa, 0xb8, 0xb4, 0xcf, 0xef, 0xb3, 0xa7, 0xa4, 0xf0,
                    0xa2, 0xae, 0xad, 0xb3, 0xa4, 0xb2, 0xb3, 0xb2, 0xef, 0xb2, 0xb3, 0xa0, 0xb1, 0xb3, 0xf3, 0xf4,
                    0xb3, 0xae, 0xa3, 0xa0, 0xb8, 0xd9, 0xef, 0xaa, 0xb8, 0xb4, 0xcf, 0xef, 0xa8, 0xb3, 0xdc, 0xb2, 0xf0,
                    0xa7, 0xae, 0xb3, 0xcf, 0xef, 0xa5, 0xa8, 0xa6, 0xa7, 0xb3, 0xa8, 0xad, 0xa6, 0xf3, 0xf4,
                    0xb2, 0xaf, 0xa8, 0xb1, 0xa8, 0xb3, 0xcf, 0xef, 0xa1, 0xb4, 0xb1, 0xad, 0xef, 0xb6, 0xa8, 0xb3, 0xa7, 0xf0,
                    0xaf, 0xa0, 0xb2, 0xb2, 0xa8, 0xae, 0xad, 0xd9, 0xef, 0xaa, 0xb8, 0xb4, 0xcf, 0xF3, 0xF7, 0xFF},
        //0x0003D611
        //54 6A 58 81 64 5C 86 62 CF CF EF 56 84 CF CF F0 54 6F 5D 72 EF 73 77 64 5C 86 62 CF F3 F7 FF 
        //オヒケェナスッテ!! キュ!!{F0}オミセモ ヤリナスッテ!{F3}{F7} | TODO Step back! Kyu! Run the shop too!
        (uint8_t[]){0x54, 0x6A, 0x58, 0x81, 0x64, 0x5C, 0x86, 0x62, 0xCF, 0xCF, 0xEF, 0x56, 0x84, 0xCF, 0xCF, 0xF0, 0x54, 0x6F, 0x5D, 0x72, 0xEF, 0x73, 0x77, 0x64, 0x5C, 0x86, 0x62, 0xCF, 0xF3, 0xF7, 0xFF},
        //0x0003D630
        //51 76 86 5B 83 51 6E 5B 5F CB CF CF CF CF F0 54 6F 5D 68 5B 8B 63 F0 87 7D 96 79 EF 56 84 CB CF CF F3 F7 FF 
        //イラッシャイマシタ-!!!!{F0}オミセノシゴト{F0}ガンバレ キュ-!!{F3}{F7}
        //Welcome, kyu! Do your best, kyu!
        (uint8_t[]){0xb6, 0xa4, 0xab, 0xa2, 0xae, 0xac, 0xa4, 0xd9, 0xef, 0xaa, 0xb8, 0xb4, 0xcf, 0xef, 0xa3, 0xae, 0xf0,
                    0xb8, 0xae, 0xb4, 0xb1, 0xef, 0xa1, 0xa4, 0xb2, 0xb3, 0xd9, 0xef, 0xaa, 0xb8, 0xb4, 0xcf, 0xF3, 0xF7, 0xFF},
        //0x0003D654
        //50 60 85 CB CF CF CF CF F0 54 6F 5D 96 7D 7C EF 73 77 64 5A 79 F0 56 84 CB CF F3 F7 FF 
        //アチョ-!!!!{F0}オミセバンヲ ヤリナサレ{F0}キュ-!{F3}{F7} | TODO Achoo—! Tend to the store, I say—kyu—!
        (uint8_t[]){0x50, 0x60, 0x85, 0xCB, 0xCF, 0xCF, 0xCF, 0xCF, 0xF0, 0x54, 0x6F, 0x5D, 0x96, 0x7D, 0x7C, 0xEF, 0x73, 0x77, 0x64, 0x5A, 0x79, 0xF0, 0x56, 0x84, 0xCB, 0xCF, 0xF3, 0xF7, 0xFF},
        //0x0003D671
        //54 E3 69 EF 95 52 91 CE EF 56 84 CB CF CF CF F3 F7 FF 
        //オ店ハ ドウダ? キュ-!!!{F3}{F7}
        //How's the shop, kyu?
        (uint8_t[]){0xa7, 0xae, 0xb6, 0xdc, 0xb2, 0xef, 0xb3, 0xa7, 0xa4, 0xef, 0xb2, 0xa7, 0xae, 0xaf, 0xd9, 0xf0,
                    0xaa, 0xb8, 0xb4, 0xce, 0xF3, 0xF7, 0xFF},
        //0x0003D683
        //50 7D 5F 72 EF 5C 56 67 CB CF CF CF F0 54 5B 8B 63 EF 5C 56 67 CB CF F3 F7 FF 
        //アンタモ スキネ-!!!{F0}オシゴト スキネ-!{F3}{F7}
        //You really love this, don't you? You love work, don't you?
        (uint8_t[]){0xb8, 0xae, 0xb4, 0xef, 0xb1, 0xa4, 0xa0, 0xab, 0xab, 0xb8, 0xef, 0xab, 0xae, 0xb5, 0xa4, 0xf0,
                    0xb3, 0xa7, 0xa8, 0xb2, 0xd9, 0xef, 0xa3, 0xae, 0xad, 0xdc, 0xb3, 0xef, 0xb8, 0xae, 0xb4, 0xce, 0xf3, 0xf4,
                    0xb8, 0xae, 0xb4, 0xef, 0xab, 0xae, 0xb5, 0xa4, 0xef, 0xb6, 0xae, 0xb1, 0xaa, 0xd9, 0xf0,
                    0xa3, 0xae, 0xad, 0xdc, 0xb3, 0xef, 0xb8, 0xae, 0xb4, 0xce, 0xF3, 0xF7, 0xFF},
        //0x0003D69D
        //95 CB 7D CF CF F0 54 5B 8B 63 EF 73 86 62 78 55 EF 56 84 CB CF F3 F7 FF 
        //ド-ン!!{F0}オシゴト ヤッテルカ キュ-!{F3}{F7} |  TODO Don! Are you working, cuu—!
        (uint8_t[]){0x95, 0xCB, 0x7D, 0xCF, 0xCF, 0xF0, 0x54, 0x5B, 0x8B, 0x63, 0xEF, 0x73, 0x86, 0x62, 0x78, 0x55, 0xEF, 0x56, 0x84, 0xCB, 0xCF, 0xF3, 0xF7, 0xFF},
        //0x0003D6B5
        //56 84 56 84 56 84 56 84 CB CF EF 56 84 56 84 CF CF F0 56 84 CB 56 84 56 84 CB CF CF F3 F4 56 84 56 84 56 84 56 84 CB CF EF 56 84 56 84 CF CF F0
        //56 84 D5 56 84 D5 56 84 CB CF EF 56 84 56 84 56 84 CF 54 E3 68 EF 59 63 7C EF 51 86 5B 85 CB 58 7D 71 CB F0 73 78 D5 56 84 CB CF EF 73 78 D5 56 84 CB CF CF F3 F7 FF 
        //キュキュキュキュ-! キュキュ!!{F0}キュ-キュキュ-!!{F3}{F4}キュキュキュキュ-! キュキュ!!{F0}キュ・キュ・キュ-! キュキュキュ!オ店ノ コトヲ イッショ-ケンメ-{F0}ヤル・キュ-! ヤル・キュ-!!{F3}{F7}
        //Kyu-kyu-kyu! Kyu-kyu! Kyu-kyu! Smoke on the water, kyu!
        (uint8_t[]){0xaa, 0xb8, 0xb4, 0xcb, 0xaa, 0xb8, 0xb4, 0xcb, 0xaa, 0xb8, 0xb4, 0xcf, 0xf0,
                    0xaa, 0xb8, 0xb4, 0xcb, 0xaa, 0xb8, 0xb4, 0xcf, 0xef, 0xaa, 0xb8, 0xb4, 0xcb, 0xaa, 0xb8, 0xb4, 0xcf, 0xf3, 0xf4,
                    0xb2, 0xac, 0xae, 0xaa, 0xa4, 0xef, 0xae, 0xad, 0xef, 0xb3, 0xa7, 0xa4, 0xf0,
                    0xb6, 0xa0, 0xb3, 0xa4, 0xb1, 0xd9, 0xef, 0xaa, 0xb8, 0xb4, 0xcf, 0xF3, 0xF7, 0xFF},
        //0x0003D71C
        //54 51 76 F0 D0 56 84 CB 5C 58 D1 EF 75 CB CF CF CF F3 F7 FF 
        //オイラ{F0}『キュ-スケ』 ヨ-!!!{F3}{F7}
        //I'm Suke, kyu!
        (uint8_t[]){0xa8, 0xdc, 0xac, 0xef, 0xb2, 0xb4, 0xaa, 0xa4, 0xd9, 0xef, 0xaa, 0xb8, 0xb4, 0xcf, 0xF3, 0xF7, 0xFF},
        //0x0003D730
        //51 76 86 5B 83 51 6E 5D CB CF CF CF CF F3 F7 FF 
        //イラッシャイマセ-!!!!{F3}{F7}
        //Welcome!
        (uint8_t[]){0xb6, 0xa4, 0xab, 0xa2, 0xae, 0xac, 0xa4, 0xcf, 0xF3, 0xF7, 0xFF},
        //--- Post game phone calls??? ---
        //0x0003D740
        //23 00 BA F8 EF 10 33 2D F0 20 0C 09 18 EF 6E 5A 73 19 EF 3A 2D 06 05 01 CE F0 00 00 1F 03 12 22 EF 2B 0F 0B 37 EF 01 14 07 12 F0 0A 1F 0B 01 15 EF 10 37 01 14 01 F0
        //06 1F 15 19 EF 14 15 05 13 EF 04 0D 2B 15 F0 14 28 09 13 22 EF 04 04 01 41 2A 02 17 F3 F7 FF 
        //やあ、{PLAYER_NAME} ちゃん{F0}むすこの マサヤは げんきかい?{F0}ああみえても わたしが いなくて{F0}さみしいに ちがいない{F0}きみには なにかと おせわに{F0}なることも おおいだろうね{F3}{F7}
        //Hi, ^. Is Masaya doing okay? Even if he doesn't show it, he must be lonely without me. I'm sure you'll have plenty of chances to help him.
        (uint8_t[]){0xa7, 0xa8, 0xd9, 0xef, 0xf8, 0xda, 0xef, 0xa8, 0xb2, 0xef, 0xac, 0xa0, 0xb2, 0xa0, 0xb8, 0xa0, 0xf0,
                    0xa3, 0xae, 0xa8, 0xad, 0xa6, 0xef, 0xae, 0xaa, 0xa0, 0xb8, 0xce, 0xef, 0xa4, 0xb5, 0xa4, 0xad, 0xf3, 0xf4,
                    0xa8, 0xa5, 0xef, 0xa7, 0xa4, 0xef, 0xa3, 0xae, 0xa4, 0xb2, 0xad, 0xdc, 0xb3, 0xef, 0xb2, 0xa7, 0xae, 0xb6,
                    0xa8, 0xb3, 0xd9, 0xef, 0xa7, 0xa4, 0xef, 0xac, 0xb4, 0xb2, 0xb3, 0xef, 0xa1, 0xa4, 0xf3, 0xf4,
                    0xab, 0xae, 0xad, 0xa4, 0xab, 0xb8, 0xef, 0xb6, 0xa8, 0xb3, 0xa7, 0xae, 0xb4, 0xb3, 0xef, 0xac, 0xa4, 0xda,
                    0xa8, 0xdc, 0xac, 0xef, 0xb2, 0xb4, 0xb1, 0xa4, 0xef, 0xb8, 0xae, 0xb4, 0xdc, 0xab, 0xab, 0xf3, 0xf4,
                    0xa7, 0xa0, 0xb5, 0xa4, 0xef, 0xaf, 0xab, 0xa4, 0xad, 0xb3, 0xb8, 0xef, 0xae, 0xa5, 0xf0,
                    0xa2, 0xa7, 0xa0, 0xad, 0xa2, 0xa4, 0xb2, 0xef, 0xb3, 0xae, 0xef, 0xa7, 0xa4, 0xab, 0xaf, 0xf3, 0xf4,
                    0xa7, 0xa8, 0xac, 0xda, 0xF3, 0xF7, 0xFF},
        //0x0003D796
        //23 00 BA F8 EF 10 33 2D F0 04 46 00 10 33 2D 37 EF 3A 2D 06 15 EF 14 36 12 F0 25 05 36 0F 17 CF F0 19 14 0B 19 EF 6E 5A 73 05 26 EF 94 7D 7B 44 F0 06 01 0F 2D 41 25 F3 F7 FF 
        //やあ、{PLAYER_NAME} ちゃん{F0}おばあちゃんが げんきに なって{F0}よかったね!{F0}はなしは マサヤから デンワで{F0}きいたんだよ{F3}{F7}
        //Hey there, ^! I heard from Masaya that your grandma got better. That's great news!
        (uint8_t[]){0xa7, 0xa4, 0xb8, 0xef, 0xb3, 0xa7, 0xa4, 0xb1, 0xa4, 0xd9, 0xef, 0xf8, 0xcf, 0xf0,
                    0xa8, 0xef, 0xa7, 0xa4, 0xa0, 0xb1, 0xa3, 0xef, 0xa5, 0xb1, 0xae, 0xac, 0xf3, 0xf4,
                    0xac, 0xa0, 0xb2, 0xa0, 0xb8, 0xa0, 0xef, 0xb3, 0xa7, 0xa0, 0xb3, 0xef, 0xb8, 0xae, 0xb4, 0xb1, 0xf0,
                    0xa6, 0xb1, 0xa0, 0xad, 0xa3, 0xac, 0xa0, 0xef, 0xa6, 0xae, 0xb3, 0xf3, 0xf4,
                    0xa1, 0xa4, 0xb3, 0xb3, 0xa4, 0xb1, 0xda, 0xef, 0xb3, 0xa7, 0xa0, 0xb3, 0xdc, 0xb2, 0xf0,
                    0xa6, 0xb1, 0xa4, 0xa0, 0xb3, 0xef, 0xad, 0xa4, 0xb6, 0xb2, 0xcf, 0xF3, 0xF7, 0xFF},
        //0x0003D7D0
        //00 26 BA F8 EF 10 33 2D F0 09 2D 15 10 19 CF F0 0E 18 3B EF 04 E3 18 EF 10 35 02 0B 19 F0 45 04 CE F3 F7 FF 
        //あら、{PLAYER_NAME} ちゃん{F0}こんにちは!{F0}そのご お店の ちょうしは{F0}どお?{F3}{F7}
        //Hello, ^! How's the shop doing these days?
        (uint8_t[]){0xa7, 0xa4, 0xab, 0xab, 0xae, 0xd9, 0xef, 0xf8, 0xcf, 0xf0,
                    0xa7, 0xae, 0xb6, 0xdc, 0xb2, 0xef, 0xb3, 0xa7, 0xa4, 0xef, 0xb2, 0xa7, 0xae, 0xaf, 0xf3, 0xf4,
                    0xa3, 0xae, 0xa8, 0xad, 0xa6, 0xef, 0xb3, 0xa7, 0xa4, 0xb2, 0xa4, 0xef, 0xa3, 0xa0, 0xb8, 0xb2, 0xce, 0xF3, 0xF7, 0xFF},
        //0x0003D7F4
        //00 26 BA F8 EF 10 33 2D F0 09 2D 15 10 19 CF F0 04 46 00 10 33 2D EF 3A 2D 06 15 14 36 12 F0 25 05 36 0F 2B 17 31 CF CF F3 F7 FF 
        //あら、{PLAYER_NAME} ちゃん{F0}こんにちは!{F0}おばあちゃん げんきになって{F0}よかったわねぇ!!{F3}{F7}
        //Hello, ^! I'm so glad your grandmother is feeling better!
        (uint8_t[]){0xa7, 0xa4, 0xab, 0xab, 0xae, 0xd9, 0xef, 0xf8, 0xcf, 0xef, 0xa8, 0xdc, 0xac, 0xf0,
                    0xb2, 0xae, 0xef, 0xa6, 0xab, 0xa0, 0xa3, 0xef, 0xb8, 0xae, 0xb4, 0xb1, 0xf3, 0xf4,
                    0xa6, 0xb1, 0xa0, 0xad, 0xa3, 0xac, 0xae, 0xb3, 0xa7, 0xa4, 0xb1, 0xef, 0xa8, 0xb2, 0xf0,
                    0xa5, 0xa4, 0xa4, 0xab, 0xa8, 0xad, 0xa6, 0xef, 0xa1, 0xa4, 0xb3, 0xb3, 0xa4, 0xb1, 0xcf, 0xF3, 0xF7, 0xFF},
        //0x0003D81F
        //70 CF EF F8 EF 25 CF F0 04 1E 03 2D 13 09 18 EF 46 CB 0A 2D 37 F0 3A 2D 06 15 EF 14 36 0F 0E CB 3D 33 14 CF F0 0E 01 11 19 EF 25 05 36 0F 18 02 CF F0 55 86 55 86 55 CF CF F3 F7 FF 
        //ム! {PLAYER_NAME} よ!{F0}おまえんとこの ば-さんが{F0}げんきに なったそ-じゃな!{F0}そいつは よかったのう!{F0}カッカッカ!!{F3}{F7}
        //^! I heard your grandma's gotten better! That's wonderful!
        (uint8_t[]){0xf8, 0xcf, 0xef, 0xa8, 0xef, 0xa7, 0xa4, 0xa0, 0xb1, 0xa3, 0xf0,
                    0xb8, 0xae, 0xb4, 0xb1, 0xef, 0xa6, 0xb1, 0xa0, 0xad, 0xa3, 0xac, 0xa0, 0xdc, 0xb2, 0xf3, 0xf4,
                    0xa6, 0xae, 0xb3, 0xb3, 0xa4, 0xad, 0xef, 0xa1, 0xa4, 0xb3, 0xb3, 0xa4, 0xb1, 0xcf, 0xf0,
                    0xb3, 0xa7, 0xa0, 0xb3, 0xdc, 0xb2, 0xef, 0xb6, 0xae, 0xad, 0xa3, 0xa4, 0xb1, 0xa5, 0xb4, 0xab, 0xcf, 0xF3, 0xF7, 0xFF},
        //0x0003D85B
        //04 1E 03 18 EF 46 CB 10 33 2D F0 22 45 36 12 EF 06 0F 26 0B 01 14 CF F0 6C 7D CF EF 14 2D 41 25 BA 54 79 18 EF 13 CB 10 33 2D 1E 41 EF 22 45 36 12 EF 09 14 01 40 CF CF F0
        //09 2D 14 18 36 12 EF 1A 45 01 40 CF F3 F4 6C 86 CF CF F3 F7 FF 
        //おまえの ば-ちゃん{F0}もどって きたらしいな!{F0}ヘン! なんだよ、オレの と-ちゃんまだ もどって こないぞ!!{F0}こんなのって ひどいぞ!{F3}{F4}ヘッ!!{F3}{F7}
        //Looks like your grandma came back, huh! My dad still isn't back! That's so unfair! Hmph!
        (uint8_t[]){0xab, 0xae, 0xae, 0xaa, 0xb2, 0xef, 0xab, 0xa8, 0xaa, 0xa4, 0xef, 0xb8, 0xae, 0xb4, 0xb1, 0xf0,
                    0xa6, 0xb1, 0xa0, 0xad, 0xa3, 0xac, 0xa0, 0xef, 0xa2, 0xa0, 0xac, 0xa4, 0xf3, 0xf4,
                    0xa1, 0xa0, 0xa2, 0xaa, 0xd9, 0xef, 0xa7, 0xb4, 0xa7, 0xcf, 0xef, 0xac, 0xb8, 0xef, 0xa3, 0xa0, 0xa3, 0xf0,
                    0xb2, 0xb3, 0xa8, 0xab, 0xab, 0xef, 0xa8, 0xb2, 0xad, 0xdc, 0xb3, 0xef, 0xa1, 0xa0, 0xa2, 0xaa, 0xcf, 0xf3, 0xf4,
                    0xb3, 0xa7, 0xa0, 0xb3, 0xdc, 0xb2, 0xef, 0xb2, 0xae, 0xef, 0xb4, 0xad, 0xa5, 0xa0, 0xa8, 0xb1, 0xcf, 0xf0,
                    0xa7, 0xac, 0xaf, 0xa7, 0xcf, 0xF3, 0xF7, 0xFF},
        //0x0003D8A9
        //46 2D 3D EF 02 1E 07 01 36 12 F0 50 5F 5B 19 EF 1D 2D 13 15 EF 02 29 0B 01 65 83 CF F0 F8 EF 19 F0 1A 13 27 44 EF 37 2D 46 36 0F 05 26 F0 03 26 01 18 65 83 CB CF CF F3 F7 FF 
        //ばんじ うまくいって{F0}アタシは ほんとに うれしいニャ!{F0}{PLAYER_NAME} は{F0}ひとりで がんばったから{F0}えらいのニャ-!!{F3}{F7}
        //Everything worked out, and I'm so happy, nya! ^, you did it all on your own - you're amazing, nya!
        (uint8_t[]){0xa4, 0xb5, 0xa4, 0xb1, 0xb8, 0xb3, 0xa7, 0xa8, 0xad, 0xa6, 0xef, 0xb6, 0xae, 0xb1, 0xaa, 0xa4, 0xa3, 0xf0,
                    0xae, 0xb4, 0xb3, 0xd9, 0xef, 0xa0, 0xad, 0xa3, 0xef, 0xa8, 0xdc, 0xac, 0xef, 0xb2, 0xae, 0xf3, 0xf4,
                    0xa7, 0xa0, 0xaf, 0xaf, 0xb8, 0xd9, 0xef, 0xad, 0xb8, 0xa0, 0xcf, 0xf0,
                    0xf8, 0xd9, 0xef, 0xb8, 0xae, 0xb4, 0xef, 0xa3, 0xa8, 0xa3, 0xef, 0xa8, 0xb3, 0xf3, 0xf4,
                    0xa0, 0xab, 0xab, 0xef, 0xae, 0xad, 0xef, 0xb8, 0xae, 0xb4, 0xb1, 0xef, 0xae, 0xb6, 0xad, 0xef, 0xcb, 0xf0,
                    0xb8, 0xae, 0xb4, 0xdc, 0xb1, 0xa4, 0xef, 0xa0, 0xac, 0xa0, 0xb9, 0xa8, 0xad, 0xa6, 0xd9, 0xf3, 0xf4,
                    0xad, 0xb8, 0xa0, 0xcf, 0xF3, 0xF7, 0xFF},
        //0x0003D8E3
        //F8 EF 10 33 2D BA F0 11 01 15 D0 1E 2D 17 2D 0E 02 D1 2C F0 1F 11 08 0F 18 05 01 CE EF 0C 3B 01 14 00 CF CF F3 F7 FF 
        //{PLAYER_NAME} ちゃん、{F0}ついに『まんねんそう』を{F0}みつけたのかい? すごいなあ!!{F3}{F7}
        //^, you found the <EverHerb>? That's amazing!
        (uint8_t[]){0xf8, 0xd9, 0xef, 0xb8, 0xae, 0xb4, 0xef, 0xa5, 0xae, 0xb4, 0xad, 0xa3, 0xf0,
                    0xb3, 0xa7, 0xa4, 0xef, 0xd0, 0xa4, 0xb5, 0xa4, 0xb1, 0xa7, 0xa4, 0xb1, 0xa1, 0xd1, 0xce, 0xf3, 0xf4,
                    0xb3, 0xa7, 0xa0, 0xb3, 0xdc, 0xb2, 0xef, 0xa0, 0xac, 0xa0, 0xb9, 0xa8, 0xad, 0xa6, 0xcf, 0xF3, 0xF7, 0xFF},
        //0x0003D90A
        //01 23 19 23 BA 0B 35 07 48 11 EF 37 07 0B 33 18 F0 2B 0F 0B 37 EF 06 1F 15 F0 0A 06 2C EF 09 0A 29 28 14 2D 12 F0 2B 0F 0B 22 EF 1E 41 1E 41 EF 45 27 35 07 37 F0
        //0F 27 14 01 25 02 41 17 D5 D5 D5 F3 F7 FF 
        //いやはや、しょくぶつ がくしゃの{F0}わたしが きみに{F0}さきを こされるなんて{F0}わたしも まだまだ どりょくが{F0}たりないようだね・・・{F3}{F7}
        //Oh dear, to think that I, a proffesional botanist, would be outdone by you}
        (uint8_t[]){0xae, 0xa7, 0xef, 0xa3, 0xa4, 0xa0, 0xb1, 0xd9, 0xef, 0xb3, 0xae, 0xef, 0xb3, 0xa7, 0xa8, 0xad, 0xaa, 0xf0,
                    0xb3, 0xa7, 0xa0, 0xb3, 0xef, 0xa8, 0xd9, 0xef, 0xa0, 0xf3, 0xf4,
                    0xaf, 0xb1, 0xae, 0xa5, 0xa5, 0xa4, 0xb2, 0xa8, 0xae, 0xad, 0xa0, 0xab, 0xf0,
                    0xa1, 0xae, 0xb3, 0xa0, 0xad, 0xa8, 0xb2, 0xb3, 0xd9, 0xef, 0xb6, 0xae, 0xb4, 0xab, 0xa3, 0xf3, 0xf4,
                    0xa1, 0xa4, 0xef, 0xae, 0xb4, 0xb3, 0xa3, 0xae, 0xad, 0xa4, 0xef, 0xa1, 0xb8, 0xef, 0xb8, 0xae, 0xb4, 0xe4, 0xF3, 0xF7, 0xFF},
        //0x0003D94E
        //4A 07 19 EF 01 1E 1E 44 EF 05 2B 01 37 36 12 07 29 0F 04 46 00 10 33 2D 18 EF 23 07 15 EF 0F 12 12 F0 13 36 12 22 EF 02 29 0B 01 7B 7D CF F3 F7 FF 
        //ぼくは いままで かわいがってくれたおばあちゃんの やくに たてて{F0}とっても うれしいワン!{F3}{F7}
        //I'm so happy I could help Grandma, who's always been so kind to me, woof!
        (uint8_t[]){0xa8, 0xdc, 0xac, 0xef, 0xb2, 0xae, 0xef, 0xa7, 0xa0, 0xaf, 0xaf, 0xb8, 0xef, 0xa8, 0xf0,
                    0xa2, 0xae, 0xb4, 0xab, 0xa3, 0xef, 0xa7, 0xa4, 0xab, 0xaf, 0xf3, 0xf4,
                    0xa6, 0xb1, 0xa0, 0xad, 0xa3, 0xac, 0xa0, 0xd9, 0xef, 0xb6, 0xa7, 0xae, 0xdc, 0xb2, 0xf0,
                    0xa0, 0xab, 0xb6, 0xa0, 0xb8, 0xb2, 0xef, 0xa1, 0xa4, 0xa4, 0xad, 0xef, 0xb2, 0xae, 0xf3, 0xf4,
                    0xaa, 0xa8, 0xad, 0xa3, 0xef, 0xb3, 0xae, 0xef, 0xac, 0xa4, 0xd9, 0xef, 0xb6, 0xae, 0xae, 0xa5, 0xcf, 0xF3, 0xF7, 0xFF},
        //0x0003D97F
        //9D 76 7D 61 19 05 0D 15 EF 25 2A 0B 07 17 CF F3 F7 FF 
        //プランツはかせに よろしくね!{F3}{F7}
        //Please give my regards to Prof. Plants!
        (uint8_t[]){0xaf, 0xab, 0xa4, 0xa0, 0xb2, 0xa4, 0xef, 0xa6, 0xa8, 0xb5, 0xa4, 0xef, 0xac, 0xb8, 0xf0,
                    0xb1, 0xa4, 0xa6, 0xa0, 0xb1, 0xa3, 0xb2, 0xef, 0xb3, 0xae, 0xef, 0xaf, 0xb1, 0xae, 0xa5, 0xda, 0xf3, 0xf4,
                    0xaf, 0xab, 0xa0, 0xad, 0xb3, 0xb2, 0xcf, 0xF3, 0xF7, 0xFF},
        //0x0003D991
        //4A 07 EF 19 3D 21 19 F0 04 06 33 07 0A 2D EF 41 36 0F 18 15 F0 01 11 18 1E 15 05 EF 12 11 41 2B 0A 29 12 F0 09 09 15 EF 01 28 2D 41 25 17 D5 D5 D5 D5 D5 F3 F7 FF 
        //ぼく はじめは{F0}おきゃくさん だったのに{F0}いつのまにか てつだわされて{F0}ここに いるんだよね・・・・・{F3}{F7}
        //I started as a customer, but somehow got roped into helping out} so here I am.
        (uint8_t[]){0xa8, 0xef, 0xb2, 0xb3, 0xa0, 0xb1, 0xb3, 0xa4, 0xa3, 0xef, 0xa0, 0xb2, 0xef, 0xa0, 0xf0,
                    0xa2, 0xb4, 0xb2, 0xb3, 0xae, 0xac, 0xa4, 0xb1, 0xd9, 0xef, 0xa1, 0xb4, 0xb3, 0xf3, 0xf4,
                    0xb2, 0xae, 0xac, 0xa4, 0xa7, 0xae, 0xb6, 0xef, 0xa6, 0xae, 0xb3, 0xef, 0xb1, 0xae, 0xaf, 0xa4, 0xa3, 0xf0,
                    0xa8, 0xad, 0xb3, 0xae, 0xef, 0xa7, 0xa4, 0xab, 0xaf, 0xa8, 0xad, 0xa6, 0xef, 0xae, 0xb4, 0xb3, 0xe4, 0xf3, 0xf4,
                    0xb2, 0xae, 0xef, 0xa7, 0xa4, 0xb1, 0xa4, 0xef, 0xa8, 0xef, 0xa0, 0xac, 0xda, 0xF3, 0xF7, 0xFF},
        //0x0003D9C7
        //00 26 BA 00 14 0F F0 2B 0F 0B 18 EF 01 22 02 13 2C F0 0B 36 12 01 28 18 CE F0 9E 86 63 37 EF 0C 06 41 08 45 F0 00 1E 27 EF 0E 2D 14 1B 02 15 EF 1F 03 14 01 05 26 F0
        //1D 2D 15 2D 19 EF 14 01 0B 2D F0 06 15 0B 12 28 EF 1F 0F 01 25 F3 F7 FF 
        //あら、あなた{F0}わたしの いもうとを{F0}しっているの?{F0}ペットが すきだけど{F0}あまり そんなふうに みえないから{F0}ほんにんは ないしん{F0}きにしてる みたいよ{F3}{F7}
        //Oh, you know my little sister? She loves pets, but doesn't look the type, so she's a bit self-conscious about it.
        (uint8_t[]){0xae, 0xa7, 0xd9, 0xef, 0xb8, 0xae, 0xb4, 0xef, 0xaa, 0xad, 0xae, 0xb6, 0xef, 0xac, 0xb8, 0xf0,
                    0xab, 0xa8, 0xb3, 0xb3, 0xab, 0xa4, 0xef, 0xb2, 0xa8, 0xb2, 0xb3, 0xa4, 0xb1, 0xce, 0xf3, 0xf4,
                    0xb2, 0xa7, 0xa4, 0xef, 0xab, 0xae, 0xb5, 0xa4, 0xb2, 0xef, 0xaf, 0xa4, 0xb3, 0xb2, 0xd9, 0xf0,
                    0xa1, 0xb4, 0xb3, 0xef, 0xa3, 0xae, 0xa4, 0xb2, 0xad, 0xdc, 0xb3, 0xef, 0xab, 0xae, 0xae, 0xaa, 0xf3, 0xf4,
                    0xb3, 0xa7, 0xa4, 0xef, 0xb3, 0xb8, 0xaf, 0xa4, 0xd9, 0xef, 0xb2, 0xae, 0xef, 0xb2, 0xa7, 0xa4, 0xdc, 0xb2,
                    0xa0, 0xef, 0xa1, 0xa8, 0xb3, 0xef, 0xb2, 0xa4, 0xab, 0xa5, 0xcb, 0xf3, 0xf4,
                    0xa2, 0xae, 0xad, 0xb2, 0xa2, 0xa8, 0xae, 0xb4, 0xb2, 0xef, 0xa0, 0xa1, 0xae, 0xb4, 0xb3, 0xf0,
                    0xa8, 0xb3, 0xda, 0xF3, 0xF7, 0xFF},
        (uint8_t[]){0x00, 0xF3, 0xF7, 0xFF},
        //0x0003DA16
        //77 9A 7D 5F 52 7D EF 15 01 28 EF 54 63 CB 63 19 F0 10 33 2D 13 EF 65 51 5A 7D 18 EF 21 2D 45 02 F0 1F 12 01 28 05 67 CE F0 9E 86 63 EF 46 05 27 EF 05 2B 01 37 36 62 01 12 19 F0
        //91 71 67 CB F3 F7 FF 
        //リボンタウン にいる オト-トは{F0}ちゃんと ニイサンの めんどう{F0}みているかネ?{F0}ペット ばかり かわいがっテいては{F0}ダメネ-{F3}{F7}
        //I wonder if my little brother in Taenia is taking good care of my big brother? It's no good if he only spoils the pets, you know.
        (uint8_t[]){0xa8, 0xef, 0xb6, 0xae, 0xad, 0xa3, 0xa4, 0xb1, 0xef, 0xa8, 0xa5, 0xef, 0xac, 0xb8, 0xf0,
                    0xab, 0xa8, 0xb3, 0xb3, 0xab, 0xa4, 0xef, 0xa1, 0xb1, 0xae, 0xb3, 0xa7, 0xa4, 0xb1, 0xef, 0xa8, 0xad, 0xf3, 0xf4,
                    0xb3, 0xa0, 0xa4, 0xad, 0xa8, 0xa0, 0xef, 0xa8, 0xb2, 0xef, 0xb3, 0xa0, 0xaa, 0xa8, 0xad, 0xa6, 0xf0,
                    0xa6, 0xae, 0xae, 0xa3, 0xef, 0xa2, 0xa0, 0xb1, 0xa4, 0xef, 0xae, 0xa5, 0xef, 0xac, 0xb8, 0xf3, 0xf4,
                    0xa1, 0xa8, 0xa6, 0xef, 0xa1, 0xb1, 0xae, 0xb3, 0xa7, 0xa4, 0xb1, 0xce, 0xef, 0xa8, 0xb3, 0xdc, 0xb2, 0xf0,
                    0xad, 0xae, 0xef, 0xa6, 0xae, 0xae, 0xa3, 0xef, 0xa8, 0xa5, 0xef, 0xa7, 0xa4, 0xf3, 0xf4,
                    0xae, 0xad, 0xab, 0xb8, 0xef, 0xb2, 0xaf, 0xae, 0xa8, 0xab, 0xb2, 0xef, 0xb3, 0xa7, 0xa4, 0xf0,
                    0xaf, 0xa4, 0xb3, 0xb2, 0xd9, 0xef, 0xb8, 0xae, 0xb4, 0xef, 0xaa, 0xad, 0xae, 0xb6, 0xda, 0xF3, 0xF7, 0xFF},
        //0x0003DA58
        //09 09 19 EF 9D 76 7D 61 19 05 0D 18 F0 04 23 0B 06 EF 0A CF F0 19 05 0D 19 EF 0B 35 07 48 11 15 EF 07 2B 0B 01 08 45 0B 35 07 48 11 18 EF 0D 2B 2C EF 0C 28 18 19 F0
        //0B 25 02 15 2D EF 18 EF 04 01 26 41 14 2D 12 F0 1A 15 07 41 17 CF F3 F7 FF 
        //ここは プランツはかせの{F0}おやしき さ!{F0}はかせは しょくぶつに くわしいけどしょくぶつの せわを するのは{F0}しようにん の おいらだなんて{F0}ひにくだね!{F3}{F7}
        //This is Prof. Plants's mansion, ya know! The|professor knows a lot about plants, but it's us servants who actually take care of 'em. Kinda ironic}
        (uint8_t[]){0xb3, 0xa7, 0xa8, 0xb2, 0xef, 0xa8, 0xb2, 0xef, 0xaf, 0xb1, 0xae, 0xa5, 0xda, 0xf0,
                    0xaf, 0xab, 0xa0, 0xad, 0xb3, 0xb2, 0xdc, 0xb2, 0xef, 0xac, 0xa0, 0xad, 0xb2, 0xa8, 0xae, 0xad, 0xd9, 0xf3, 0xf4,
                    0xb8, 0xa0, 0xef, 0xaa, 0xad, 0xae, 0xb6, 0xcf, 0xef, 0xb3, 0xa7, 0xa4, 0xf0,
                    0xaf, 0xb1, 0xae, 0xa5, 0xa4, 0xb2, 0xb2, 0xae, 0xb1, 0xef, 0xaa, 0xad, 0xae, 0xb6, 0xb2, 0xef, 0xa0, 0xf3, 0xf4,
                    0xab, 0xae, 0xb3, 0xef, 0xa0, 0xa1, 0xae, 0xb4, 0xb3, 0xef, 0xaf, 0xab, 0xa0, 0xad, 0xb3, 0xb2, 0xd9, 0xf0,
                    0xa1, 0xb4, 0xb3, 0xef, 0xa8, 0xb3, 0xdc, 0xb2, 0xef, 0xb4, 0xb2, 0xf3, 0xf4,
                    0xb2, 0xa4, 0xb1, 0xb5, 0xa0, 0xad, 0xb3, 0xb2, 0xef, 0xb6, 0xa7, 0xae, 0xf0,
                    0xa0, 0xa2, 0xb3, 0xb4, 0xa0, 0xab, 0xab, 0xb8, 0xef, 0xb3, 0xa0, 0xaa, 0xa4, 0xf3, 0xf4,
                    0xa2, 0xa0, 0xb1, 0xa4, 0xef, 0xae, 0xa5, 0xef, 0xdc, 0xa4, 0xac, 0xda, 0xef, 0xaa, 0xa8, 0xad, 0xa3, 0xa0,
                    0xa8, 0xb1, 0xae, 0xad, 0xa8, 0xa2, 0xe4, 0xF3, 0xF7, 0xFF},
        //0x0003DAA8
        //09 09 44 EF 05 2B 29 19 3D 21 0F 18 19 F0 22 02 EF 05 29 09 29 EF C1 C5 C0 17 2D 07 26 01 F0 20 05 0B 18 EF 09 13 15 EF 14 28 05 18 02 D5 D5 F3 F7 FF 
        //ここで かわれはじめたのは{F0}もう かれこれ 150ねんくらい{F0}むかしの ことに なるかのう・・{F3}{F7}
        //They've been raised here for about 150 years} I think.
        (uint8_t[]){0xb3, 0xa7, 0xa4, 0xb8, 0xdc, 0xb5, 0xa4, 0xef, 0xa1, 0xa4, 0xa4, 0xad, 0xf0,
                    0xb1, 0xa0, 0xa8, 0xb2, 0xa4, 0xa3, 0xef, 0xa7, 0xa4, 0xb1, 0xa4, 0xef, 0xa5, 0xae, 0xb1, 0xf3, 0xf4,
                    0xa0, 0xa1, 0xae, 0xb4, 0xb3, 0xef, 0xc1, 0xc5, 0xc0, 0xef, 0xb8, 0xa4, 0xa0, 0xb1, 0xb2, 0xe4, 0xf0,
                    0xa8, 0xef, 0xb3, 0xa7, 0xa8, 0xad, 0xaa, 0xda, 0xF3, 0xF7, 0xFF},
        //0x0003DADA
        //00 0F 0B 33 EF 09 09 15 06 12 F0 1E 41 EF 0F 36 0F 18 EF C1 C0 C0 17 2D 41 25 D5 D5 F0 13 09 2A 44 EF 00 2D 0F F0
        //09 18 1E 10 18 1E 2B 27 2C EF 02 2A 11 01 12 01 28 13 D0 64 77 56 7D 17 11 D1 13 05 01 02 F0 1B 02 45 47 35 02 15 EF 05 05 28 09 13 37 F0
        //00 28 13 01 02 19 14 0B 2C F0 06 01 0F 09 13 EF 00 28 05 17 CE F3 F7 FF 
        //あたしゃ ここにきて{F0}まだ たったの 100ねんだよ・・{F0}ところで あんた{F0}このまちのまわりを うろついていると『ナリキンねつ』とかいう{F0}
        //ふうどびょうに かかることが{F0}あるというはなしを{F0}きいたこと あるかね?{F3}{F7}
        //I've only been here a mere 100 years myself} By the way, have you heard that wandering the outskirts of this town can give your pets <Restless Fever>?
        (uint8_t[]){0xa8, 0xdc, 0xb5, 0xa4, 0xef, 0xae, 0xad, 0xab, 0xb8, 0xef, 0xa1, 0xa4, 0xa4, 0xad, 0xf0,
                    0xa7, 0xa4, 0xb1, 0xa4, 0xef, 0xa0, 0xef, 0xac, 0xa4, 0xb1, 0xa4, 0xef, 0xc1, 0xc0, 0xc0, 0xf3, 0xf4,
                    0xb8, 0xa4, 0xa0, 0xb1, 0xb2, 0xef, 0xac, 0xb8, 0xb2, 0xa4, 0xab, 0xa5, 0xe4, 0xef, 0xa1, 0xb8, 0xf0,
                    0xb3, 0xa7, 0xa4, 0xef, 0xb6, 0xa0, 0xb8, 0xd9, 0xef, 0xa7, 0xa0, 0xb5, 0xa4, 0xef, 0xb8, 0xae, 0xb4, 0xf3, 0xf4,
                    0xa7, 0xa4, 0xa0, 0xb1, 0xa3, 0xef, 0xb3, 0xa7, 0xa0, 0xb3, 0xf0,
                    0xb6, 0xa0, 0xad, 0xa3, 0xa4, 0xb1, 0xa8, 0xad, 0xa6, 0xef, 0xb3, 0xa7, 0xa4, 0xf3, 0xf4,
                    0xae, 0xb4, 0xb3, 0xb2, 0xaa, 0xa8, 0xb1, 0xb3, 0xb2, 0xef, 0xae, 0xa5, 0xef, 0xb3, 0xa7, 0xa8, 0xb2, 0xf0,
                    0xb3, 0xae, 0xb6, 0xad, 0xef, 0xa2, 0xa0, 0xad, 0xef, 0xa6, 0xa8, 0xb5, 0xa4, 0xf3, 0xf4,
                    0xb8, 0xae, 0xb4, 0xb1, 0xef, 0xaf, 0xa4, 0xb3, 0xb2, 0xf0,
                    0xd0, 0xb1, 0xa4, 0xb2, 0xb3, 0xab, 0xa4, 0xb2, 0xb2, 0xef, 0xa5, 0xa4, 0xb5, 0xa4, 0xb1, 0xd1, 0xce, 0xF3, 0xF7, 0xFF},
        //0x0003DB46
        //20 09 02 37 2B 18 EF 57 8D 83 57 15 F0 00 01 15 EF 01 06 0F 01 18 15 BA F0 0A 07 37 EF 3D 33 1E 44 EF 01 08 14 01 18 25 F3 F7 FF 
        //むこうがわの クジャクに{F0}あいに いきたいのに、{F0}さくが じゃまで いけないのよ{F3}{F7}
        //I want to see the peacock from the back, but the fence is in the way.
        (uint8_t[]){0xa8, 0xef, 0xb6, 0xa0, 0xad, 0xb3, 0xef, 0xb3, 0xae, 0xef, 0xb2, 0xa4, 0xa4, 0xef, 0xb3, 0xa7, 0xa4, 0xf0,
                    0xaf, 0xa4, 0xa0, 0xa2, 0xae, 0xa2, 0xaa, 0xef, 0xa5, 0xb1, 0xae, 0xac, 0xef, 0xb3, 0xa7, 0xa4, 0xf3, 0xf4,
                    0xa1, 0xa0, 0xa2, 0xaa, 0xd9, 0xef, 0xa1, 0xb4, 0xb3, 0xef, 0xb3, 0xa7, 0xa4, 0xf0,
                    0xa5, 0xa4, 0xad, 0xa2, 0xa4, 0xef, 0xa8, 0xb2, 0xef, 0xa8, 0xad, 0xef, 0xb3, 0xa7, 0xa4, 0xf3, 0xf4,
                    0xb6, 0xa0, 0xb8, 0xda, 0xF3, 0xF7, 0xFF},
        //0x0003DB71
        //23 00 BA 09 09 05 26 1F 28 EF 08 0B 06 19 F0 0A 01 09 CB 41 17 CF F0 0B 3F 2D 18 EF 02 11 07 0B 0A 15 19 EF 1E 36 0F 07 F0 09 09 2A 2C EF 02 0F 29 28 25 D5 D5 D5 D5 F3 F7 FF 
        //やあ、ここからみる けしきは{F0}さいこ-だね!{F0}しぜんの うつくしさには まったく{F0}こころを うたれるよ・・・・{F3}{F7}
        //Hey, the view from here is the best! The beauty of nature truly moves the heart}
        (uint8_t[]){0xa7, 0xa4, 0xb8, 0xd9, 0xef, 0xb3, 0xa7, 0xa4, 0xef, 0xb5, 0xa8, 0xa4, 0xb6, 0xef, 0xa5, 0xb1, 0xae, 0xac,
                    0xa7, 0xa4, 0xb1, 0xa4, 0xef, 0xa8, 0xb2, 0xef, 0xb3, 0xa7, 0xa4, 0xef, 0xa1, 0xa4, 0xb2, 0xb3, 0xcf, 0xf3, 0xf4,
                    0xb3, 0xa7, 0xa4, 0xef, 0xa1, 0xa4, 0xa0, 0xb4, 0xb3, 0xb8, 0xef, 0xae, 0xa5, 0xf0,
                    0xad, 0xa0, 0xb3, 0xb4, 0xb1, 0xa4, 0xef, 0xb3, 0xb1, 0xb4, 0xab, 0xb8, 0xf3, 0xf4,
                    0xac, 0xae, 0xb5, 0xa4, 0xb2, 0xef, 0xb3, 0xa7, 0xa4, 0xef, 0xa7, 0xa4, 0xa0, 0xb1, 0xb3, 0xe4, 0xF3, 0xF7, 0xFF},
        //0x0003DBAB
        //D0 1E 2D 17 2D 37 2D D1 18 EF 09 02 05 44 F0 04 46 00 10 33 2D 19 EF 3A 2D 06 15 EF 14 36 0F CF CF F3 F7 FF 
        //『まんねんがん』の こうかで{F0}おばあちゃんは げんきに なった!!{F3}{F7}
        //Thanks to the effect of the <OmniMed>, Grandma got better!
        (uint8_t[]){0xb3, 0xa7, 0xa0, 0xad, 0xaa, 0xb2, 0xef, 0xb3, 0xae, 0xef, 0xb3, 0xa7, 0xa4, 0xf0,
                    0xa4, 0xa5, 0xa5, 0xa4, 0xa2, 0xb3, 0xef, 0xae, 0xa5, 0xef, 0xb3, 0xa7, 0xa4, 0xf3, 0xf4,
                    0xd0, 0xae, 0xac, 0xad, 0xa8, 0xac, 0xa4, 0xa3, 0xd1, 0xd9, 0xef, 0xa6, 0xb1, 0xa0, 0xad, 0xa3, 0xac, 0xa0,
                    0xa6, 0xae, 0xb3, 0xef, 0xa1, 0xa4, 0xb3, 0xb3, 0xa4, 0xb1, 0xcf, 0xF3, 0xF7, 0xFF},
        //0x0003DBCF
        //0B 3B 13 2C EF 0F 07 0A 2D EF 09 14 0C 13 F0 01 10 15 10 15 EF 01 07 0D 01 44 EF 0B 3D 44 06 28 F0 05 01 0C 02 37 EF 1B 03 28 2D 41 65 83 CB CF F0 44 22 EF 01 26 01 2C EF 0F 07 0A 2D F0
        //0B 36 4B 01 0C 28 13 EF 22 13 15 EF 22 45 36 12 F0 0B 1E 02 18 65 83 CF F3 F4 07 2B 0B 01 09 13 19 EF 6F 5C 5F CB 8D 81 7D 63 78 15 0F 3E 17 28 13 EF 01 01 65 83 CB 7D CF CF F3 F7 FF 
        //しごとを たくさん こなすと{F0}いちにちに いくせいで しじできる{F0}かいすうが ふえるんだニャ-!{F0}でも いらいを たくさん{F0}しっぱいすると もとに もどって{F0}
        //しまうのニャ!{F3}{F4}くわしいことは ミスタ-ジェントルにたずねると いいニャ-ン!!{F3}{F7}
        //Complete more tasks to get more training actions per day, nya! Fail too many and it'll reduce, nya!
        (uint8_t[]){0xa2, 0xae, 0xac, 0xaf, 0xab, 0xa4, 0xb3, 0xa4, 0xef, 0xac, 0xae, 0xb1, 0xa4, 0xf0,
                    0xb3, 0xa0, 0xb2, 0xaa, 0xb2, 0xef, 0xb3, 0xae, 0xef, 0xa6, 0xa4, 0xb3, 0xef, 0xac, 0xae, 0xb1, 0xa4, 0xf3, 0xf4,
                    0xb3, 0xb1, 0xa0, 0xa8, 0xad, 0xa8, 0xad, 0xa6, 0xef, 0xa0, 0xa2, 0xb3, 0xa8, 0xae, 0xad, 0xb2, 0xf0,
                    0xaf, 0xa4, 0xb1, 0xef, 0xa3, 0xa0, 0xb8, 0xd9, 0xef, 0xad, 0xb8, 0xa0, 0xcf, 0xf3, 0xf4,
                    0xa5, 0xa0, 0xa8, 0xab, 0xef, 0xb3, 0xae, 0xae, 0xef, 0xac, 0xa0, 0xad, 0xb8, 0xef, 0xa0, 0xad, 0xa3, 0xf0,
                    0xa8, 0xb3, 0xdc, 0xab, 0xab, 0xef, 0xb1, 0xa4, 0xa3, 0xb4, 0xa2, 0xa4, 0xd9, 0xf3, 0xf4,
                    0xad, 0xb8, 0xa0, 0xcf, 0xF3, 0xF7, 0xFF},
        //0x0003DC4A
        //0F 01 1C 2D 14 EF 0F 47 EF 41 36 0F 7B 7D D5 D5 D5 D5 44 22 EF 02 10 18 09 13 23 EF 04 46 00 10 33 2D 23 F0 F8 EF 10 33 2D 18 EF 09 13 2C F0 2B 0C 29 0F 09 13 19 F0
        //01 10 45 41 36 12 EF 14 05 36 0F 7B 7D CF F3 F4 22 BA 22 10 2A 2D EF 65 9A 5B 18 EF 09 13 41 36 12 F0 2B 0C 29 14 05 36 0F 7B 7D CF F3 F7 FF 
        //たいへんな たび だったワン・・・・でも うちのことや おばあちゃんや{F0}{PLAYER_NAME} ちゃんの ことを{F0}わすれたことは{F0}いちどだって なかったワン!{F3}{F4}
        //も、もちろん ニボシの ことだって{F0}わすれなかったワン!{F3}{F7}
        //It was a rough journey, woof} But I never forgot home, or Grandma, or ^, woof! And of course, I never forgot Nibo either, woof!
        (uint8_t[]){0xa8, 0xb3, 0xef, 0xb6, 0xa0, 0xb2, 0xef, 0xa0, 0xef, 0xb1, 0xae, 0xb4, 0xa6, 0xa7, 0xf0,
                    0xa9, 0xae, 0xb4, 0xb1, 0xad, 0xa4, 0xb8, 0xd9, 0xef, 0xb6, 0xae, 0xae, 0xa5, 0xe4, 0xf3, 0xf4,
                    0xa1, 0xb4, 0xb3, 0xef, 0xa8, 0xef, 0xad, 0xa4, 0xb5, 0xa4, 0xb1, 0xef, 0xa5, 0xae, 0xb1, 0xa6, 0xae, 0xb3,
                    0xa7, 0xae, 0xac, 0xa4, 0xd9, 0xef, 0xae, 0xb1, 0xef, 0xa6, 0xb1, 0xa0, 0xad, 0xa3, 0xac, 0xa0, 0xd9, 0xf3, 0xf4,
                    0xae, 0xb1, 0xef, 0xf8, 0xd9, 0xef, 0xb6, 0xae, 0xae, 0xa5, 0xcf, 0xf0,
                    0xa0, 0xad, 0xa3, 0xef, 0xae, 0xa5, 0xef, 0xa2, 0xae, 0xb4, 0xb1, 0xb2, 0xa4, 0xd9, 0xef, 0xa8, 0xf3, 0xf4,
                    0xad, 0xa4, 0xb5, 0xa4, 0xb1, 0xef, 0xa5, 0xae, 0xb1, 0xa6, 0xae, 0xb3, 0xef, 0xad, 0xa8, 0xa1, 0xae, 0xf0,
                    0xa4, 0xa8, 0xb3, 0xa7, 0xa4, 0xb1, 0xd9, 0xef, 0xb6, 0xae, 0xae, 0xa5, 0xcf, 0xF3, 0xF7, 0xFF},
        //0x0003DCB0
        //41 41 01 1E EF 3B 0B 34 3D 2D 0A 1E 19 F0 04 44 05 08 15 EF 14 36 12 EF 04 27 1E 0C F0 3B 25 02 18 05 0F 19 EF 00 26 0F 21 12 F0 04 09 0B 07 41 0A 01 CF F3 F7 FF 
        //だだいま ごしゅじんさまは{F0}おでかけに なって おります{F0}ごようのかたは あらためて{F0}おこしください!{F3}{F7}
        //Welcome. The master is currently out. Please come back another time.
        (uint8_t[]){0xb6, 0xa4, 0xab, 0xa2, 0xae, 0xac, 0xa4, 0xda, 0xef, 0xb3, 0xa7, 0xa4, 0xf0,
                    0xac, 0xa0, 0xb2, 0xb3, 0xa4, 0xb1, 0xef, 0xa8, 0xb2, 0xf3, 0xf4,
                    0xa2, 0xb4, 0xb1, 0xb1, 0xa4, 0xad, 0xb3, 0xab, 0xb8, 0xef, 0xae, 0xb4, 0xb3, 0xda, 0xf0,
                    0xaf, 0xab, 0xa4, 0xa0, 0xb2, 0xa4, 0xef, 0xa2, 0xae, 0xac, 0xa4, 0xef, 0xa1, 0xa0, 0xa2, 0xaa, 0xf3, 0xf4,
                    0xa0, 0xad, 0xae, 0xb3, 0xa7, 0xa4, 0xb1, 0xef, 0xb3, 0xa8, 0xac, 0xa4, 0xda, 0xF3, 0xF7, 0xFF},
        //0x0003DCE6
        //F8 EF 10 33 2D F0 01 26 36 0B 33 01 CF F0 04 46 00 10 33 2D 18 EF 04 1F 1E 01 14 26 F0 1A 41 27 0B 0F 18 EF 1C 23 25 F3 F4 45 02 48 11 18 EF 0B 2D 0A 11 19 F0
        //1F 38 0B 0F 15 EF 01 28 F0 95 57 5F CB 15 EF 0E 02 41 2D EF 0B 12 17 CF F3 F7 FF 
        //{PLAYER_NAME} ちゃん{F0}いらっしゃい!{F0}おばあちゃんの おみまいなら{F0}ひだりしたの へやよ{F3}{F4}どうぶつの しんさつは{F0}みぎしたに いる{F0}ドクタ-に そうだん してね!{F3}{F7}
        //^, welcome! Your grandma's in the lower-left room. For a pet exam, see the doctor in the lower right room!
        (uint8_t[]){0xf8, 0xd9, 0xef, 0xb6, 0xa4, 0xab, 0xa2, 0xae, 0xac, 0xa4, 0xcf, 0xf0,
                    0xb8, 0xae, 0xb4, 0xb1, 0xef, 0xa6, 0xb1, 0xa0, 0xad, 0xa3, 0xac, 0xa0, 0xdc, 0xb2, 0xef, 0xa8, 0xad, 0xf3, 0xf4,
                    0xb3, 0xa7, 0xa4, 0xef, 0xab, 0xae, 0xb6, 0xa4, 0xb1, 0xcb, 0xab, 0xa4, 0xa5, 0xb3, 0xf0,
                    0xb1, 0xae, 0xae, 0xac, 0xda, 0xef, 0xa5, 0xae, 0xb1, 0xef, 0xa0, 0xef, 0xaf, 0xa4, 0xb3, 0xf3, 0xf4,
                    0xa4, 0xb7, 0xa0, 0xac, 0xd9, 0xef, 0xb2, 0xa4, 0xa4, 0xef, 0xb3, 0xa7, 0xa4, 0xf0,
                    0xa3, 0xae, 0xa2, 0xb3, 0xae, 0xb1, 0xef, 0xa8, 0xad, 0xef, 0xb3, 0xa7, 0xa4, 0xf3, 0xf4,
                    0xab, 0xae, 0xb6, 0xa4, 0xb1, 0xef, 0xb1, 0xa8, 0xa6, 0xa7, 0xb3, 0xef, 0xb1, 0xae, 0xae, 0xac, 0xcf, 0xF3, 0xF7, 0xFF},
        //0x0003DD36
        //04 04 D5 D5 D5 0F 47 18 1A 13 D5 D5 D5 D5 F0 25 07 EF 01 26 36 0B 33 01 1E 0B 0F D5 D5 D5 D5 F3 F4 2B 0F 07 0B 19 EF 1E 01 15 10 EF 09 02 0B 12 F0
        //01 18 27 2C EF 0A 0A 3A 12 EF 01 28 18 44 0C F0 14 15 05 EF 2B 0F 07 0B 15 F0 44 06 28 09 13 19 EF 3B 3C 01 1E 0C 05 CE F3 F4 0E 02 01 03 46 EF 41 01 41 01 EF 02 08 11 37 29 0F F0
        //04 04 06 14 EF 3E 05 2D 37 EF 00 27 1E 0C D5 D5 D5 F0 3B 26 2D 15 EF 14 27 1E 0C 05 CE FF 
        //おお・・・たびのひと・・・・{F0}よく いらっしゃいました・・・・{F3}{F4}わたくしは まいにち こうして{F0}いのりを ささげて いるのです{F0}なにか わたくしに{F0}
        //できることは ございますか?{F3}{F4}そういえば だいだい うけつがれた{F0}おおきな ずかんが あります・・・{F0}ごらんに なりますか?
        //Welcome, Traveler} I pray like this every day} Is there something I can help with? Come to think of it, there is a large encyclopedia that has been passed down for generations}
        //Would you like to see it?
        (uint8_t[]){0xb6, 0xa4, 0xab, 0xa2, 0xae, 0xac, 0xa4, 0xd9, 0xef, 0xb3, 0xb1, 0xa0, 0xb5, 0xa4, 0xab, 0xa4, 0xb1, 0xe4,
                    0xa8, 0xef, 0xaf, 0xb1, 0xa0, 0xb8, 0xef, 0xab, 0xa8, 0xaa, 0xa4, 0xef, 0xb3, 0xa7, 0xa8, 0xb2, 0xf3, 0xf4,
                    0xa4, 0xb5, 0xa4, 0xb1, 0xb8, 0xef, 0xa3, 0xa0, 0xb8, 0xe4, 0xf0,
                    0xa8, 0xb2, 0xef, 0xb3, 0xa7, 0xa4, 0xb1, 0xa4, 0xf3, 0xf4,
                    0xb2, 0xae, 0xac, 0xa4, 0xb3, 0xa7, 0xa8, 0xad, 0xa6, 0xef, 0xa8, 0xef, 0xa2, 0xa0, 0xad, 0xf0,
                    0xa7, 0xa4, 0xab, 0xaf, 0xef, 0xb6, 0xa8, 0xb3, 0xa7, 0xce, 0xef, 0xa2, 0xae, 0xac, 0xa4, 0xf3, 0xf4,
                    0xb3, 0xae, 0xef, 0xb3, 0xa7, 0xa8, 0xad, 0xaa, 0xef, 0xae, 0xa5, 0xef, 0xa8, 0xb3, 0xd9, 0xf0,
                    0xb3, 0xa7, 0xa4, 0xb1, 0xa4, 0xef, 0xa8, 0xb2, 0xef, 0xa0, 0xef, 0xab, 0xa0, 0xb1, 0xa6, 0xa4, 0xf3, 0xf4,
                    0xa4, 0xad, 0xa2, 0xb8, 0xa2, 0xab, 0xae, 0xaf, 0xa4, 0xa3, 0xa8, 0xa0, 0xef, 0xb3, 0xa7, 0xa0, 0xb3, 0xf0,
                    0xa7, 0xa0, 0xb2, 0xef, 0xa1, 0xa4, 0xa4, 0xad, 0xef, 0xaf, 0xa0, 0xb2, 0xb2, 0xa4, 0xa3, 0xf3, 0xf4,
                    0xa3, 0xae, 0xb6, 0xad, 0xef, 0xa5, 0xae, 0xb1, 0xef, 0xa6, 0xa4, 0xad, 0xa4, 0xb1, 0xa0, 0xcb, 0xf0,
                    0xb3, 0xa8, 0xae, 0xad, 0xb2, 0xe4, 0xef, 0xb6, 0xae, 0xb4, 0xab, 0xa3, 0xef, 0xb8, 0xae, 0xb4, 0xf3, 0xf4,
                    0xab, 0xa8, 0xaa, 0xa4, 0xef, 0xb3, 0xae, 0xef, 0xb2, 0xa4, 0xa4, 0xef, 0xa8, 0xb3, 0xce, 0xFF},
        //0x0003DDC1
        //05 0B 09 0A EF 0F 01 05 01 44 19 F0 C1 C0 09 EF 22 2D 41 01 2C EF 41 0B 1E 0C F0 0D 01 05 01 18 EF 6E 78 18 EF 05 3E 44 F0 05 10 1E 08 EF 2C EF 06 21 1E 0C F0 37 2D 46 27 1E 0B 35 02 CF F3 FF 
        //かしこさ たいかいでは{F0}10こ もんだいを だします{F0}せいかいの マルの かずで{F0}かちまけ を きめます{F0}がんばりましょう!{F3}
        //In the quiz contest, I'll ask 10 questions. The winner is based on correct answers. Do your best!
        (uint8_t[]){0xa8, 0xad, 0xef, 0xb3, 0xa7, 0xa4, 0xef, 0xb0, 0xb4, 0xa8, 0xb9, 0xf0,
                    0xa2, 0xae, 0xad, 0xb3, 0xa4, 0xb2, 0xb3, 0xd9, 0xef, 0xa8, 0xdc, 0xab, 0xab, 0xef, 0xa0, 0xb2, 0xaa, 0xf3, 0xf4,
                    0xc1, 0xc0, 0xef, 0xb0, 0xb4, 0xa4, 0xb2, 0xb3, 0xa8, 0xae, 0xad, 0xb2, 0xda, 0xef, 0xb3, 0xa7, 0xa4, 0xf0,
                    0xb6, 0xa8, 0xad, 0xad, 0xa4, 0xb1, 0xef, 0xa8, 0xb2, 0xef, 0xa1, 0xa0, 0xb2, 0xa4, 0xa3, 0xf3, 0xf4,
                    0xae, 0xad, 0xef, 0xb3, 0xa7, 0xa4, 0xef, 0xad, 0xb4, 0xac, 0xa1, 0xa4, 0xb1, 0xef, 0xae, 0xa5, 0xf0,
                    0xa2, 0xae, 0xb1, 0xb1, 0xa4, 0xa2, 0xb3, 0xef, 0xa0, 0xad, 0xb2, 0xb6, 0xa4, 0xb1, 0xb2, 0xda, 0xf3, 0xf4,
                    0xa3, 0xae, 0xef, 0xb8, 0xae, 0xb4, 0xb1, 0xef, 0xa1, 0xa4, 0xb2, 0xb3, 0xcf, 0xF3, 0xFF},
        //0x0003DE01
        //0E 29 44 19 EF 22 2D 41 01 2C EF 19 3D 21 1E 0C F3 F7 FF 
        //それでは もんだいを はじめます{F3}{F7}
        //Now then, let's start the quiz!
        (uint8_t[]){0xad, 0xae, 0xb6, 0xef, 0xb3, 0xa7, 0xa4, 0xad, 0xd9, 0xef, 0xab, 0xa4, 0xb3, 0xdc, 0xb2, 0xf0,
                    0xb2, 0xb3, 0xa0, 0xb1, 0xb3, 0xef, 0xb3, 0xa7, 0xa4, 0xef, 0xb0, 0xb4, 0xa8, 0xb9, 0xcf, 0xF3, 0xF7, 0xFF},
        //0x0003DE14
        //F1 EF 10 33 2D BA F0 F9 EF 22 2D 21 18 EF 22 2D 41 01 15 F0 09 0F 03 12 07 41 0A 01 F3 F7 FF 
        //{F1} ちゃん、{F0}{NUM_VALUE} もんめの もんだいに{F0}こたえてください{F3}{F7}
        //@, please answer question number #.
        (uint8_t[]){0xf1, 0xd9, 0xef, 0xaf, 0xab, 0xa4, 0xa0, 0xb2, 0xa4, 0xf0,
                    0xa0, 0xad, 0xb2, 0xb6, 0xa4, 0xb1, 0xef, 0xb0, 0xb4, 0xa4, 0xb2, 0xb3, 0xa8, 0xae, 0xad, 0xf3, 0xf4,
                    0xad, 0xb4, 0xac, 0xa1, 0xa4, 0xb1, 0xef, 0xf9, 0xda, 0xF3, 0xF7, 0xFF},
        //0x0003DE33
        //0B 33 0B 2D EF 0F 01 05 01 44 19 F0 C1 C0 05 01 EF 0A 11 03 01 EF 0B 1E 0C F3 F4 1A 35 02 3D 35 02 37 EF 25 01 1D 45 F0 13 07 12 2D 37 EF 0F 05 07 BA F0
        //0C 49 12 18 EF 1A 35 02 3D 35 02 EF 13 07 12 2D 2C F0 3B 01 08 01 0B 12 EF 05 10 1E 08 2C EF 06 21 1E 0C F0 77 76 86 57 5C 0B 12 EF 19 3D 21 1E 0B 35 02 CF F3 F7 FF 
        //しゃしん たいかいでは{F0}10かい さつえい します{F3}{F4}ひょうじょうが よいほど{F0}とくてんが たかく、{F0}すべての ひょうじょう とくてんを{F0}
        //ごいけいして かちまけを きめます{F0}リラックスして はじめましょう!{F3}{F7}
        //In the photo contest, I'll take 10 photos. The better the expression, the higher the score. The winner is decided by total score. Let's begin!
        (uint8_t[]){0xa8, 0xad, 0xef, 0xb3, 0xa7, 0xa4, 0xef, 0xaf, 0xa7, 0xae, 0xb3, 0xae, 0xf0,
                    0xa2, 0xae, 0xad, 0xb3, 0xa4, 0xb2, 0xb3, 0xd9, 0xef, 0xa8, 0xdc, 0xab, 0xab, 0xf3, 0xf4,
                    0xb3, 0xa0, 0xaa, 0xa4, 0xef, 0xc1, 0xc0, 0xef, 0xaf, 0xa7, 0xae, 0xb3, 0xae, 0xb2, 0xda, 0xf0,
                    0xb3, 0xa7, 0xa4, 0xef, 0xa1, 0xa4, 0xb3, 0xb3, 0xa4, 0xb1, 0xef, 0xb3, 0xa7, 0xa4, 0xf3, 0xf4,
                    0xa4, 0xb7, 0xaf, 0xb1, 0xa4, 0xb2, 0xb2, 0xa8, 0xae, 0xad, 0xd9, 0xef, 0xb3, 0xa7, 0xa4, 0xf0,
                    0xa7, 0xa8, 0xa6, 0xa7, 0xa4, 0xb1, 0xef, 0xb3, 0xa7, 0xa4, 0xef, 0xb2, 0xa2, 0xae, 0xb1, 0xa4, 0xda, 0xf3, 0xf4,
                    0xb3, 0xa7, 0xa4, 0xef, 0xb6, 0xa8, 0xad, 0xad, 0xa4, 0xb1, 0xef, 0xa8, 0xb2, 0xf0,
                    0xa3, 0xa4, 0xa2, 0xa8, 0xa3, 0xa4, 0xa3, 0xef, 0xa1, 0xb8, 0xef, 0xb3, 0xae, 0xb3, 0xa0, 0xab, 0xf3, 0xf4,
                    0xb2, 0xa2, 0xae, 0xb1, 0xa4, 0xda, 0xef, 0xab, 0xa4, 0xb3, 0xdc, 0xb2, 0xf0,
                    0xa1, 0xa4, 0xa6, 0xa8, 0xad, 0xcf, 0xF3, 0xF7, 0xFF},
        //0x0003DE9D
        //00 0F 0B 36 12 46 EF 0E 02 09 18 14 05 44 F0 00 0E 2D 44 01 0F 26 EF 44 39 10 37 F0 2B 05 26 14 07 EF 14 36 10 33 36 0F 18 D5 D5 D5 F3 F4
        //44 22 EF 0E 02 09 15 EF 0F 49 22 18 37 EF 00 28 05 26 3E 36 13 EF 09 09 15 EF 01 28 18 25 CF CF F3 F4 0E 02 41 EF 0D 36 05 07 EF 09 09 1E 44 F0
        //06 0F EF 00 14 0F 15 EF 01 01 09 13 F0 04 0B 03 12 00 3A 28 CF F3 F4 23 0C 1F 18 07 0C 27 36 12 F0 1D 05 07 44 EF 11 05 03 28 2D 41 25 CF F3 F7 FF 
        //あたしってば そうこのなかで{F0}あそんでいたら でぐちが{F0}わからなく なっちゃったの・・・{F3}{F4}でも そうこに たべものが あるからずっと ここに いるのよ!!{F3}{F4}
        //そうだ せっかく ここまで{F0}きた あなたに いいこと{F0}おしえてあげる!{F3}{F4}やすみのくすりって{F0}ほかくで つかえるんだよ!{F3}{F7}
        //I was playing in the warehouse and lost the exit} But there's food, so I'm staying! Oh, since you're here, I'll tell you something good! You can use <Nap-Aid> to capture animals, you know!
        (uint8_t[]){0xa8, 0xef, 0xb6, 0xa0, 0xb2, 0xef, 0xaf, 0xab, 0xa0, 0xb8, 0xa8, 0xad, 0xa6, 0xef, 0xa8, 0xad, 0xf0,
                    0xb3, 0xa7, 0xa4, 0xef, 0xb6, 0xa0, 0xb1, 0xa4, 0xa7, 0xae, 0xb4, 0xb2, 0xa4, 0xef, 0xa0, 0xad, 0xa3, 0xf3, 0xf4,
                    0xab, 0xae, 0xb2, 0xb3, 0xef, 0xb3, 0xa7, 0xa4, 0xef, 0xa4, 0xb7, 0xa8, 0xb3, 0xe4, 0xef, 0xa1, 0xb4, 0xb3,
                    0xb3, 0xa7, 0xa4, 0xb1, 0xa4, 0xdc, 0xb2, 0xef, 0xa5, 0xae, 0xae, 0xa3, 0xd9, 0xef, 0xb2, 0xae, 0xf3, 0xf4,
                    0xa8, 0xdc, 0xac, 0xef, 0xb2, 0xb3, 0xa0, 0xb8, 0xa8, 0xad, 0xa6, 0xcf, 0xef, 0xae, 0xa7, 0xd9, 0xf0,
                    0xb2, 0xa8, 0xad, 0xa2, 0xa4, 0xef, 0xb8, 0xae, 0xb4, 0xdc, 0xb1, 0xa4, 0xf3, 0xf4,
                    0xa7, 0xa4, 0xb1, 0xa4, 0xd9, 0xef, 0xa8, 0xdc, 0xab, 0xab, 0xef, 0xb3, 0xa4, 0xab, 0xab, 0xf0,
                    0xb8, 0xae, 0xb4, 0xef, 0xb2, 0xae, 0xac, 0xa4, 0xb3, 0xa7, 0xa8, 0xad, 0xa6, 0xf3, 0xf4,
                    0xa6, 0xae, 0xae, 0xa3, 0xcf, 0xef, 0xb8, 0xae, 0xb4, 0xef, 0xa2, 0xa0, 0xad, 0xef, 0xb4, 0xb2, 0xa4, 0xf0,
                    0xd0, 0xad, 0xa0, 0xaf, 0xcb, 0xa0, 0xa8, 0xa3, 0xd1, 0xef, 0xb3, 0xae, 0xf3, 0xf4,
                    0xa2, 0xa0, 0xaf, 0xb3, 0xb4, 0xb1, 0xa4, 0xef, 0xa0, 0xad, 0xa8, 0xac, 0xa0, 0xab, 0xb2, 0xd9, 0xf0,
                    0xb8, 0xae, 0xb4, 0xef, 0xaa, 0xad, 0xae, 0xb6, 0xcf, 0xF3, 0xF7, 0xFF}
    };

    uint32_t b0F_toff = 0x3c000; // table offset
    uint32_t b0F_soff = 0x3c100; // strings data offset
    uint32_t b0F_foff = 0x3df2c; // free space offset
    uint32_t b0F_ssz = 7724;     // original strings size
    uint32_t b0F_asz = 32512;    // original strings + free space size

    uint32_t new_b0F_ssz = 0;
    for (int i = 0; i < 128; ++i) {
        if (mask_table[i] == 1) { continue; }; // check mask
        new_b0F_ssz += str_len(string_table[i]);
    };
    if (new_b0F_ssz > b0F_ssz) {
        puts("[bank 0x0F] Warning. New strings are bigger then space after table. Free space at the end of the bank will be used.");
        printf("Old/new data size: %d/%d Free space left: %d\n", b0F_ssz, new_b0F_ssz, b0F_asz-new_b0F_ssz);
    };
    if (new_b0F_ssz >= b0F_asz) {
        puts("ERROR. New strings won't fit in the space available in the bank 0x0F.");
        return 1;
    };

    fseek(fptr, b0F_soff, SEEK_SET);
    for (int i = 0; i < 128; ++i) {
        if (mask_table[i] == 1) { new_off_table[i] = new_off_table[i-1]; continue; }; // check mask
        uint32_t cur_str_len = str_len(string_table[i]); // Get length of current string
        if (cur_str_len > b0F_asz ){ // check if it fits in available space
            puts("ERROR. New strings won't fit in available space.");
            return 1;
        };
        new_off_table[i] = ftell(fptr)%0x4000 + 0x4000; // save relative offset in new relative offsets table
        fwrite(string_table[i], 1, cur_str_len, fptr); // write data
        b0F_asz -= cur_str_len; // do not forget to reduce available space value
    };

    fseek(fptr, b0F_toff, SEEK_SET); // writing new offset table into file
    for (int i = 0; i < 128; ++i) { fwrite(&new_off_table[i], 2, 1, fptr); };

    return 0;
}

